,78660,78666,78641,78613,78745,78664,78640,78753,78681,78741,78704,78744,78758,78665,78748,78759,78610,78626,78628,78723,78749,78634,78717,78750,78705,78746,78727,78653,78731,78729,78724,78757,78754,78617,78702,78703,78728,78739,78752,78621,78735,78734,78747,78738,78620,78751,78732,78642,78730,78721,78726,78733,78645,78756,78701,78736,78722,76537
2015-03-31,1243.8687002273996,,1318.9224274626306,1198.8417903600891,1065.8425148590006,1258.1704011905344,1242.314591038142,,,,1488.7382565631422,,,70.17243739882927,1128.2315610590624,1050.143536423562,,1159.9589985080577,,,,,1298.037050682448,,1391.7177512870244,,,,,1084.3324539127211,,,,,,1869.4798056101856,,,,,,,,,,1319.9747149611635,,,,,,,,,,,,
2015-04-30,1231.5632154355703,,1322.2083325740743,1210.2845812675555,1097.6105398317222,1262.0976780148196,1248.2281591661117,,1332.8243039025936,,1480.9812933744406,,,,1136.914111508627,1038.103065717311,,1199.510130713022,,,,,1300.114579298542,,1402.0288037534435,,,,,1080.7566064663777,,,,,1350.082028843847,1852.703220070568,,,,,,,,,,1322.8607405221053,,,,,,,,,,,,
2015-05-31,1240.9256211734842,,1323.5947265010143,1222.1680290876932,1119.407050520843,1263.1289799968115,1257.398475186939,,1331.2550692149257,,1488.4855408246365,,,,1146.5730224295212,1048.4723550071683,,1204.3743864396342,,,,,1316.1054480978974,,1440.7163908412429,,,,,1091.1647727059594,,,,,1383.2602144289897,1907.966465184687,,,,,,,,,,1343.0001020481227,,,,,,,,,,,,
2015-06-30,1265.5110594656137,,1336.9441805214767,1228.3257379612387,1131.1087593843474,1264.742677676777,1258.3950052059956,,1336.254450523522,,1491.0397879390616,,,,1149.1193320428683,1061.981577912535,,1220.9692902365707,,,,,1329.4699721170452,,1445.0631956486602,,,,,1109.3280995442487,,,,,1422.4086364237814,1927.2997037478008,,,,,,,,,,1350.6980492579362,,,,,,,,,2380.7788969779936,,,
2015-07-31,1287.9136115573474,,1349.1010187731506,1232.1852079931443,1133.466659040627,1272.8683877026472,1261.925349514152,,1332.05243592314,,1510.2674059855312,,,822.9818419251529,1149.187263109852,1088.73649412365,,1187.4132984566384,,,,,1316.411659350875,,1440.980826873252,,,,,1121.423555497394,,,,,1437.2554387715847,1963.811131997348,,,,,,,,,,1347.4740564652293,,,,,,,,,2430.4548017221427,,,
2015-08-31,1288.7957311702964,,1357.8736769792038,1226.066387989417,1140.2344069758235,1282.8721301268083,1273.8324524940308,,1334.6138769730544,,1520.8338609770417,,,913.2388807479888,1144.1692718681363,1109.6870069949712,,1203.6286446720826,,,,,1328.0387465552585,,1409.2714758389473,,,,,1119.803245093983,,,,,,1952.403526160904,,,,,,,,,,1349.380684111379,,,,,,,,,2458.9310601876728,,,
2015-09-30,1291.1974262508709,,1355.9413582572793,1243.4354275697756,1126.2990021454252,1290.3244366157248,1281.5962187544776,,1336.1403519431994,,1516.3224123996636,,,911.1883486289136,1150.5852898896003,1110.0958390294454,,1218.9688890684356,,,,,1314.7540315837462,,1404.5840379150552,,,,,1124.6644398352123,,,,,1399.4413209534182,1942.7521032175089,,,,,,,,,,1347.849093434104,,,,,,,,,2464.6158205872102,,,
2015-10-31,1288.56979404484,,1347.3322035036388,1243.189623237495,1121.6703853798542,1287.973901816359,1283.8614135869757,,1330.593318250264,,1497.9783745453235,,,868.4309056357326,1148.3567346641598,1114.16530676531,,1232.6969061128812,,,,,1334.6079674465452,,1391.4837021633657,,,,,1128.0898999020608,,,,,1378.9387070637836,1906.4657193437145,,,,,,,,,,1355.7831186808598,,,,,,,,,2426.6468111692075,,,
2015-11-30,1290.7067920863492,,1354.159275409705,1245.162105938485,1122.6687279211822,1297.1545725719732,1270.9523356076793,,1321.8118467060333,,1497.9509022518428,,,813.8401325228095,1147.7066181885914,1097.0685899605655,,1235.90394270259,,,,,1309.4916231284117,,1428.8864731682154,,,,,1133.5236166427571,,,,,1365.4281190282215,1861.1892633428224,,,,,,,,,,1355.9814159531404,,,,,,,,,2390.998727938128,,,
2015-12-31,1291.671385962431,,1352.9810202099436,1229.3731093559732,1125.523005675606,1293.2657794468157,1271.2093578155475,,1316.617061150287,,1507.9325081977772,,,802.8108323021969,1139.1621797078478,1092.7934364240768,,1211.3140049599983,,,1275.9832279611132,,1312.2972542591178,,1434.7264920839084,,,,,1132.1068470839612,,,,,1418.8618957908204,1901.1568454107835,,,,,,,,,,1351.299287436619,,,,,,,,,2386.964345718596,,,
2016-01-31,1300.5049375348297,,1362.001681508384,1228.2724763061035,1127.969194393219,1313.3145454463613,1269.6307668194363,,1321.51332992066,,1551.7753821538097,,,834.3367637632439,1137.693919586255,1077.0740588732856,,1207.7458338086876,,,1294.2195795121183,,1308.1113498249715,,1450.8862779962835,,1190.1206784012238,,1261.4266396348942,1128.038960960802,,,,,1437.9688849265142,1909.2193849731912,,,,,,,,,,1352.958826945118,,,,,,,,,2385.933292425649,,,
2016-02-29,1295.1537803045858,,1353.6210411439647,1240.7891411779526,1124.5163588036337,,1278.104314938143,,1333.8297925060667,,1550.8611405793545,,1183.6811481253758,902.655481287748,1152.660779021737,1087.4401475340544,,1203.5975235367475,,,1310.8542839315123,1298.6944600504787,,,1469.182279965247,,1148.0724555804486,,1271.3466193705312,1123.699141680688,,1477.4658473103125,,,1448.0468206199246,1979.0857038897595,,,,,,,,,,1355.5351503015293,,,,,,,,,2405.174535776275,,,
2016-03-31,,1074.133092153606,,1240.391262847764,1132.3758577166627,1312.704347319104,1293.6239608277033,,1350.565222066123,,1565.3267681602515,,1185.7195728993538,895.6013737394135,1167.7765957075117,1090.6455058291942,,1221.013317618225,,1092.2024945660123,1320.0542467474254,1296.8372105012131,,,1500.4911521658476,,1153.1212849357046,,1281.1910803595354,1130.1528096463403,,1492.712292437101,,,1476.730499952572,1968.3078696215928,,,,,,,,,,1377.483817577911,,,,,,,,,2415.202828382771,,,
2016-04-30,1308.5466152569268,1086.228741062568,1369.0948596559451,1252.3289404850868,1143.7252434594743,1303.7988668156167,1301.4573465470648,,1363.5871205597496,,1557.7876479867791,,1184.3633979084077,880.6717853862044,1184.9141899172496,1111.976931968696,,1240.0315466178552,,1100.8248151250232,1320.2936358945883,1306.528560549682,1325.9999647007562,,1522.277355697833,1295.5057478102187,1150.5619203174442,,1302.6748138089113,1138.2871026567827,,1504.1660769699497,,,1483.2268531524649,2021.8959341027216,,,,,,,,,,1384.6099962564967,,,,,,,,,2430.682590678274,,,
2016-05-31,1323.7188002518023,1101.9599670363002,1386.0201379411128,1254.6509654620456,1153.57083404057,1314.5273447310028,1312.9243150152392,,1376.2004383769722,1142.595253014816,1576.28228632072,,1194.9670086055924,827.4377601798747,1174.304686326741,1109.0848768950311,,1251.0934063193129,,1090.4830282826415,1323.251848191809,1308.3670923379725,1341.6626225361415,,1504.999385514088,1308.6256901574352,1174.1045258781844,,1297.317831506016,1166.2908812605008,,1511.381108483419,,,1511.7589205569298,2026.539151825064,,,,,,,,,,1401.530461378598,,,,,,,,,2432.6096550546645,,,
2016-06-30,1333.4164494955392,1098.6506837201666,1401.9800643138162,1267.9540792062678,1160.669830934323,1314.4591864766269,1312.523436503603,,1383.3413840202213,1145.108188493522,1577.5248160062054,1188.2684400307571,1192.8592859274424,874.5126806568701,1172.665720864989,1125.769520266309,,1264.7992763551135,,1081.3874332376831,1318.96297436815,,1359.8396953729748,,1498.4001923495948,1337.8650310110177,1192.381232325364,,1325.3886527268437,1174.0081390973191,,1518.0097148026862,,,1504.613420402551,2027.8186587801345,,,,,,,,,,1390.554522525359,,,,,,,,,2432.709975822836,,,
2016-07-31,1343.0632381512405,1100.5762523505975,1414.3161532614208,1274.971947666298,1157.9826763269496,1324.442892014424,1322.2302067643093,,1387.105075521688,1152.117444707165,1569.5995150611586,1189.890782724793,1203.2947888699966,868.8518353390858,1173.0738034676633,1133.234018756059,,1267.2848240590445,,1079.628248093262,1318.090181725414,,1357.5502181834358,,1492.988329675612,1378.1130160342054,1201.4821989746022,,1338.5074041592363,1180.003095358346,,1539.2470948027435,,,1520.085740890111,2041.203641303057,,,,,,,,,,1390.6240379760443,,,,,,,,,2367.097449191757,,,
2016-08-31,1342.6289112214902,1128.9457675307049,1416.539815438434,1270.872861384547,1168.124666972791,1322.3706869090595,1334.3074389290168,,1388.1702137583482,1142.9191601151372,1564.2202070470823,1194.6717096018922,1203.4975069181726,933.512616590063,1186.2824138366589,1143.7380342091062,,1259.662586420606,,1087.2070891175376,1321.0797265150445,1331.0023315100311,1353.0431339139386,,,1316.3165562649506,1177.396040774212,,1333.9838088982435,1160.80392895793,,1532.1916261646131,,,1492.901812101774,2005.6584405933245,,,,,,,,,,1384.851174201872,,,,,,,,,2350.2781882537183,,,
2016-09-30,1334.702923520333,1141.7537709281391,1404.453790014653,1266.9941111336489,1172.1129528716906,1325.7739648146198,1328.4764361661455,979.8657254866368,1377.3934661312417,1174.4583045634445,1570.9437112851758,1196.8730090315837,1213.276194113639,952.7407239107353,1198.446575123026,1134.2013714554232,,1259.1295777242308,,1090.5822129810183,1315.9287706067587,1332.8374968417556,1342.3997816280012,,1396.229813078821,1342.2177687305398,1170.8674271613847,,1325.73979163447,1139.081130633708,,1534.7548796551332,,,1483.0844681162605,1986.44628313083,,,,,,,,,,1364.387908124818,,,,,,,,,2325.40893533856,,,
2016-10-31,1340.1849019425852,1149.5776325849329,1398.096848284736,1252.6839519844746,1182.3648732451993,1322.5428432449514,1320.8748476160308,965.1931801041552,1368.662356757999,1173.8017895139574,1573.0512060716972,1199.6214407238426,1221.7421488843968,911.7464041513956,1201.1685665381835,1138.8392001507882,,1258.955922528588,,1091.6253847110152,1306.9590678665954,1337.5299523515507,1329.8508122954554,,1391.0113379987538,1325.051585057087,1166.4219066076696,,1306.8925612225255,1132.1233515677543,,1517.2442779193457,,,1470.0170050916995,1954.8944335380904,,,,,,,,,,1353.9211948910745,,,,,,,,,2359.070740538474,,,
2016-11-30,1345.0432016299008,1124.445099414115,1393.3159171602051,1237.2346335568286,1165.2458360706596,1327.4707247700617,1308.6487058947637,963.6673883206744,1352.2434596036735,1175.6090251808912,1570.199304890658,1216.4597350849583,1232.658856076667,908.851099255092,1195.5714047509878,1134.568902916615,,1254.3690920460272,,1065.507405691973,1301.398244372647,1322.4030537389906,1312.216953895345,,1401.284231354804,1412.0834414958856,1182.68657169106,,1317.7821954015265,1125.6295557258952,,1562.861720125788,,,1523.5932882280724,1944.6831430251764,,,,,,,,,,1346.2717849609478,,,,,,,,,2358.0231373373717,,,
2016-12-31,1334.704131641598,1103.1939550815555,1386.083704670276,1225.670570020352,1151.8339677262547,1330.2582324762618,1313.0881945468836,976.3237952604796,1344.5916043592458,1155.1918975089586,1555.1051150673638,1202.5917818600813,1222.356697695064,893.8420584351514,1177.5506189798853,1132.0460781616875,,1241.8498665622717,,1061.4273189628016,1277.456322420596,1322.2847566439457,1300.466895653727,,1437.186662212127,1373.2158410495056,1190.7144131993098,,1283.1803216866008,1126.5617155639034,,1560.0633791174805,,,1553.8184758492605,1959.9139022078764,,,1283.290573592666,,,,,,,1356.9111622646558,,,,,,,,,2359.2607163411976,,,
2017-01-31,1318.4199591583365,1110.816408024125,1383.054810232531,1222.111364240754,1142.4679752471045,1329.666590600766,1319.0271596477844,1002.1042300802836,1348.2290924858592,1146.8148791017109,1543.3305532288728,1210.5175229625104,1209.0812458796431,938.8693811954166,1173.2590278044574,1128.6570759853205,,1248.7582466775996,,1060.1465548548906,1268.7152490402216,1317.9592580096896,1298.4276529599167,,1481.3223177523882,1410.7228011593031,1186.031172605806,,1282.8662595441876,1126.7730388820737,,1586.3452275839072,,,1547.1973057504536,1979.8200098040136,,,1283.180388663769,,,,,,,1371.7929437757596,,,,,,,,,2329.1699922779726,,,
2017-02-28,1314.3314215443363,1116.3305084890178,1388.9409317518555,1237.2511434861156,1156.402153205347,1324.0076454917053,1318.002809089145,1009.1296731004752,1371.2893149740385,1150.5553787466135,1534.4483456184828,1190.9239375927011,1210.1285928134796,956.1355016950004,1176.1948753410798,1125.3569276189255,,1260.6069371107671,,1091.465425663397,1273.3876583080014,1316.5757419790475,1320.1184257340988,,1625.7803263713515,1413.1952161680151,1184.47027820006,,1267.9254346667142,1123.4328740361104,,1569.1616417109494,1161.6542789984314,,1546.7283752932592,2020.9333030238572,,,1318.3508208465894,,,,,,,1395.534391718433,,,,,,,,,2337.7570828673915,,,
2017-03-31,1329.6478991719405,1137.011160443824,1403.9131240718596,1245.808209093959,1165.894024639102,1331.705439552595,1323.5893304077322,1011.5447515942368,1399.593985285093,1158.764460769523,1554.757115535333,1207.9570154223582,1221.3288400392566,944.8346720259564,1188.062518192549,1139.4489720265228,,1263.494660849264,,1122.379533749634,1314.2911966010572,1314.8887917849886,1336.551500065901,,1641.2604166101962,1424.6904081494706,1178.6433315270508,,1293.0624573127627,1141.9610535041568,,1584.3813504208208,1175.611931254452,,1567.4579697651577,2060.600710839947,,,1336.988662309946,,,,,,,1411.2128548013022,,,,,,,,,2360.835992359894,,,
2017-04-30,1344.2271117673904,1135.94326649082,1428.4792942106992,1263.3198121140226,1180.4579069779156,1347.6852028450462,1328.9908114784257,998.262325960792,1399.1719283472662,1171.820649977553,1565.9471555319346,1214.3120526551654,1229.5937589727912,978.4891983880992,1195.0179261694454,1144.0359775741615,,1270.575589617712,,1136.925341455582,1344.5898909854072,1322.752999673165,1358.6031806677963,,1680.88744916031,1421.9681958070678,1191.5413253575423,,1306.9032229717182,1155.4640132978982,,1582.325556915937,1171.7342581129262,,1615.1928580064175,2090.421274449417,,,1353.8713324734156,,,,,,,1416.6343685132208,,,,,,,,1238.7000135779683,2397.7771394629267,,,
2017-05-31,1346.130309984513,1137.4207021603168,1434.3463353411191,1270.3901528803058,1186.0129974042688,1365.0442765554294,1344.300465497831,997.6685545194712,1396.9199387869855,1172.4884451022665,1582.2311248604638,1230.03863984351,1233.7097285960206,943.5776461055822,1211.8363590468664,1156.307346204086,,1287.1062980855274,,1134.4080847167293,1355.4538767476088,1356.289064193094,1358.3453177831043,,1681.8952415451795,1465.8831653719317,1210.039317744775,,1318.124883511599,1166.8712442085457,,1566.1977863015766,1168.2618999811004,,1628.3775514479632,2107.9365938321203,,,1349.106889156731,,,,,,,1412.828441050649,,,,,,,,1245.9195657332873,2410.4806371457016,,,
2017-06-30,1353.8957048838654,1144.5908709389596,1447.1535369463957,1281.780617463753,1198.9036363918542,1366.901335181528,1350.1119557221534,1006.769808217535,1393.4951513035303,1176.92167331253,1584.193953874946,1236.2886691470078,1236.1859357818307,889.5401353809402,1216.7806333793465,1163.1356853468253,,1296.833109192572,,1122.8703362343877,1338.0610977391775,1375.2181036374818,1354.1306774182983,,1692.044910791022,1482.7679199056015,1219.6858290393686,,1337.8172534982384,1166.1798993169814,,1589.323432727036,1187.7186671294835,,1624.2499102669503,2080.60681060971,,,1347.8193109204258,,,,,,,1431.620170377692,,,,,,,,1280.941075201481,2436.126012146659,,,
2017-07-31,1349.5778147062988,1149.1537700273375,1448.669606382,1280.6329715073414,1193.7799186921015,1360.0098911495843,1356.063512271025,1025.0130905929032,1411.141910992361,1183.874631993807,1596.4277974877414,1228.6219405694355,1245.2193059489673,907.9642982426516,1225.108710588113,1162.2792273237164,,1298.6322557188716,,1124.7950177039284,1317.3171847819133,1384.1137500087166,1350.439543197593,,1679.635181183974,1482.426164246397,1213.552633730183,,1355.895701890713,1162.95253274419,,1600.6840864056178,1193.046348164431,,1610.6121825274795,2056.9815847221244,,,1370.1924149357394,,,,,,,1439.7628844875355,,,,,,,,1313.810232474208,2449.3605169905845,,,
2017-08-31,1359.232672067269,1145.0754028880722,1439.0239126911522,1273.8196321538524,1197.1433691833745,1348.300790953714,1356.578111169571,1030.9163427006742,1420.1461192053634,1195.1565642837647,1587.785272058983,1226.1802991133925,1245.6666545824753,918.1121645478668,1218.0034787861894,1162.4398086020426,,1294.8478608341425,,1132.682669240546,1310.6847329392,1378.408548257252,1339.6530394066683,,1656.8343262101837,1451.2708746866929,1206.010857320808,,1375.2337816990062,1160.562429563144,,1597.3242550698233,1199.2487158845092,,1575.296576882906,2041.6391801131665,,,1384.992159272936,,,,,,,1431.3158482787917,,,,,,,,1331.4023924010237,2462.0679424961977,,,
2017-09-30,1357.897352403696,1137.0526504167558,1426.2603576643642,1257.7117635370375,1185.3092599375757,1347.720238064063,1360.577331759774,1030.02223793372,1408.4522288300786,1196.3075642409303,1577.3342777395044,1215.2337375807251,1242.285777530179,988.3699296118244,1200.042347129878,,,,,1123.7847124309203,1323.7328130111443,1367.9968800771378,1326.5502047831042,,1599.2616635468128,1424.892707335722,1195.6348613579426,,1370.5506784581005,1161.6052846164414,,1578.0374103884697,1182.5992614977488,,1570.1854319840656,2022.813012640743,,,1386.9486552624735,,,,,,,1422.029415309215,,,,,,,,1279.4192253724286,2429.5261899514926,,,
2017-10-31,1363.4935920590733,1134.6120060718056,1406.6367451414676,1245.758009532682,1177.896721751329,1338.5272442950604,1351.447479265844,1013.2217912627568,1394.9491060142136,1184.3398652577284,1570.9670625093893,1223.2574259691703,1229.468156168071,968.5089175640333,1180.7164549314011,1118.3264940244703,,1295.2501190420178,,1135.7322144035747,1331.9780028787343,1356.1785097275113,1318.228534751991,,1583.3635975994907,1438.641396215797,1190.877868158708,,1336.5585147353393,1163.3151268772992,,1571.325962061244,1166.8713285859433,,1575.9828023068055,2012.931181817081,1290.2082316063345,,1382.5182773193103,,,,,,,1406.6912996363872,,,,,,,,1261.689086257818,2387.543728643172,,,
2017-11-30,1361.4729014954971,1149.460178929471,1407.324384558966,1239.1466562394974,1168.994444037888,1340.1160662941304,1341.9900418097782,1005.451777964258,1390.4248179038186,1177.2634410746855,1570.1165398205442,1219.5645046958591,1210.163106024242,991.0987506732712,1161.4062680883626,1108.3450180086056,,1293.716978661473,,1139.473261691517,1333.8460769216292,1340.3095703923325,1306.10135840389,,1599.5379909731662,1438.6411179122251,1194.8502982134507,,1311.597386413816,1180.7114329383724,,1564.8253172185398,1161.494700405529,,1612.1914914237166,1998.1653408843151,1287.2278075400543,,1368.3755835638972,,1348.109966791754,,,,,1407.9186770930785,,,,,,,,1247.110765850764,2353.901956173456,,,
2017-12-31,1354.386352636111,1145.504139567257,1406.6937989294804,1230.635042869919,1178.7561415480804,1333.188133164446,1328.823597522483,1019.7311106868366,1393.8953914593296,1167.7942727108118,1560.5251625839269,1223.7668242879818,1195.0975520377715,997.8495668948876,1171.734472466313,1123.617996224502,,1278.014138016849,,1160.976052545533,1325.0566179588798,1358.4138370942517,1311.459461359152,,1637.1804204223083,1466.0962750780416,1197.2555163190896,,1297.6745110360812,1171.616436084811,,1574.0676902221487,1173.1112282821036,,1588.9144239620218,1994.145453917724,1291.6815208456685,,1375.9820560215185,,1363.291461561818,,,,,1416.743365628007,,,,,,,,1292.650780656482,2358.60000108085,,,
2018-01-31,1343.4924777403928,1145.500142045595,1412.2826971165682,1227.5599316887003,1177.93316646446,1341.0356477144476,1334.007653026309,1023.5222227283234,1396.977091011798,1167.4859365308116,1557.2827784141955,1209.7085317371843,1189.9370005357223,973.0057829054056,1181.1212207265016,1125.5373450363716,,1268.7761387105306,,1140.3129324741478,1332.5951492843003,1343.292659238785,1305.7242441037777,,1647.710779643679,1438.876555148274,1200.2730504512847,,1298.525220222126,1164.3150898786337,,1555.8016849320966,1197.6274723345962,,1578.5279598366146,1979.3440152797325,1286.838406545304,,1338.0496715347188,,1378.690357695407,,,,,1429.6772618364996,,,,,,,,1289.25347363859,2371.4977081065767,,,
2018-02-28,1351.916315582139,1138.809533888825,1411.019893163231,1239.1111896160933,1183.6742156949467,1345.1971941928352,1341.815405458294,1018.6237616640924,1394.972987221115,1163.6515128047515,1565.6562808679998,1215.0584220603907,1193.8332832807966,966.4874441101856,1190.0625831223458,1134.3501144460015,,1269.5265154628564,,1144.742532953495,1335.2721499366132,1341.4929937696822,1305.7148713514553,,1645.6222263520035,1435.3861127244622,1200.453194799744,,1303.2833943807452,1147.9329234269849,,1578.538310732919,1203.113902649076,,1561.8724938217026,1992.811273870151,1305.806413625219,,1349.629625363942,,1376.2875903793254,,,,,1442.4517630961632,,,,,,,,1299.756098169158,2375.0417340470367,,,
2018-03-31,1361.8264420547814,1148.6723351554797,1418.1661967586508,1252.3994474245003,1179.9892693752802,1364.5178426645916,1356.9164933852828,1009.8256430728532,1402.2786067383015,1172.1968474812652,1590.1864264896876,1211.9632168444846,1215.7878256344643,970.5149642459996,1188.9185069695943,1152.713266694699,1328.6297236070086,1277.4646766859512,1297.8867358274647,1156.2829078476873,1339.2445432209618,1318.3995119467793,1310.617645818152,,1667.821599066166,1418.835042442002,1199.6681077298822,,1314.470619675544,1150.130104392785,,1575.8707175813831,1191.494111635781,,1574.660246167979,2021.7804737223385,1311.923941415148,,1371.954945579258,,1376.2375830593471,,,1624.68947599691,,1444.8883946035244,,,,,,,,1310.451352499481,2391.253550245883,,1347.5104320935989,
2018-04-30,1378.7888189414684,1158.4441810949872,1431.71198308284,1262.1383500660354,1190.9045202723958,1375.943296590881,1364.4464042893208,1021.8197017484454,1408.202108321615,1180.8665468934732,1612.1009252180932,1234.7309537845554,1232.2238507812517,1011.6369370022946,1191.5881563351877,1157.8610599394958,1346.202032757743,1296.9093811228531,1308.3199652183262,1183.3049366722196,1337.8574890669158,1340.475695710143,1317.7880444627865,,1685.3058054022822,1439.305166442976,1211.5939686056922,,1335.0109894017532,1157.3082879810197,,1605.3950881245223,1185.52476932656,,1592.1990979507589,2054.2955704357664,1319.1118807152354,,1417.363476484486,,1351.1012653502044,,,1628.4145291960117,,1449.964218238847,,,,,,,,1330.8547511571692,2426.235700692861,,1352.26682299257,
2018-05-31,1383.396341500766,1164.3154460794328,1448.4179647899105,1267.0506675826502,1200.321108967393,1388.7290490249657,1371.7327920825044,1046.4316919659627,1413.978744431775,1195.4747044948865,1632.4862645083904,1237.1489172194274,1249.488366204792,1011.3085409023269,1201.4112266685192,1168.5199179555598,1321.332808368933,1304.5426785058787,1292.5882397042678,1193.825337605898,1338.748342881525,1354.7058562730947,1343.203311266402,,1722.426041795807,1481.7761234602922,1224.3073601951594,,1349.6667552342142,1171.0705928429084,,1618.2579569305249,1186.7851209042835,,1602.2813334747048,2076.5629964754,1312.3245062086962,,1441.5386130360914,,1368.772933275828,,,1632.6674134843197,,1458.1095989254409,,,,,,,,1337.0206329730015,2466.5711824785217,,1367.1609480177972,
2018-06-30,1393.8276052058914,1180.1825566086927,1464.5424806598644,1301.9150806313523,1216.3267632521422,1385.6145822532671,1377.624623978976,1051.4860217130458,1422.535138514697,1211.7854141454231,1646.4903521527165,1247.0723869296687,1265.972843622566,987.3621285151794,1216.3064753860156,1185.9037248897655,1348.8368657099986,1325.3306216663084,1300.315042371737,1186.8740675892589,1356.9526147231263,1379.3022603708464,1358.4193714005226,,1721.631417464747,1524.5711500019777,1238.906433596354,,1368.2724235501353,1182.4817788749792,,1638.2786119561292,1205.6809727136476,,1611.8944123066951,2095.4812964773864,1319.8085216202987,,1438.6377324934058,,1401.3621565519154,,,1664.722983597875,,1473.74403665151,,,,,,,,1333.0917904782082,2506.561840963158,,1391.2001908616871,
2018-07-31,1393.4677429564513,1183.5341859136568,1465.81120786685,1307.8253823830023,1224.4476390070363,1388.3798924163293,1387.9110331596592,1042.4243216176887,1433.360443649284,1230.5343150848323,1656.4645457909098,1246.8443207109583,1294.5160898357578,915.1116164829176,1231.9333172340728,1200.371330909215,1353.8600665733184,1326.482677421067,1312.81097493355,1194.2438343919064,1380.2061118164074,1389.6466980562398,1373.640347804214,,1769.7026974435887,1550.4581995719814,1250.363453876037,,1395.883103851401,1190.732968667793,,1645.3426821706228,1222.6791778047395,,1621.3745033220168,2137.800527173278,1324.939124562293,,1452.096188945636,,1434.2819033785793,,,1704.8038268251526,,1491.1782726983265,,,,,,,,1335.6625744695102,2549.4110541883188,,1403.9097911853294,
2018-08-31,1393.478792142045,1181.8193283853084,1460.3543281017987,1312.8698773410958,1226.5481438726458,1392.121914169144,1394.5579639903578,1044.2367009689426,1434.8132964032018,1243.6883139279585,1669.430298808579,1261.0296681833822,1314.4394321712357,925.7263363160598,1246.014160333567,1207.1401134989303,1363.4316050843547,1328.4358445445762,1319.13026486145,1200.0520438897054,1390.7654227130813,1416.203458975152,1377.7406221097615,,1740.916181031615,1542.6610960206594,1258.3244761502438,,1416.724970406211,1200.2714755324396,,1655.079733937269,1220.0648306164408,,1638.2754578851318,2173.3668862079094,1337.2030165214612,,1449.4398280879766,,1439.1210661872135,,,1706.2885067888224,,1488.7801782529946,,,,,,,,1352.6805629944442,2589.1047928062967,,1414.4280533803203,
2018-09-30,1392.6124100794284,1186.4432675390062,1442.539039780024,1310.9540480492324,1225.7126774278688,1393.0830240501705,1390.5900770506637,1047.4563609353609,1430.3394017213875,1235.6621210528417,1680.436161019148,1271.4076130491424,1314.9625718693055,937.6661124462806,1241.9711275361603,1202.7349409052847,1359.9242339082316,1326.1065773357136,1318.5291715684664,1194.091848069511,1384.2230393830785,1408.1211130349395,1382.301615275454,,1740.7938970220862,1541.734649473213,1254.167225300317,,1424.3264831912354,1204.6076949262392,,1685.5156029301795,1208.0819614761504,,1678.11931184098,2181.2675471561165,1337.181844273169,,1428.185865931892,,1419.7426665267044,,,1683.330328076514,,1484.4358158010584,,,,,,,,1338.3215720480991,2597.761519428623,,1430.471024230833,
2018-10-31,1395.3465088756936,1167.2225287151618,1441.008664280717,1312.298380034816,1226.0846996917753,1379.9873097356865,1380.426200806717,1063.9848024228972,1431.049597574431,1230.865083088063,1680.341076397611,1277.7871155465336,1295.9479448442228,998.2644738741496,1231.5593504931796,1213.11354166222,1353.730775224706,1320.274153310278,1328.1534610861484,1193.290673187173,1373.595817229789,1409.1006576141444,1380.6358824021002,,1704.741776062002,1536.670656800583,1251.9061067558962,,1432.5553035897958,1200.5618414073072,,1687.5369206452065,1195.2023621651413,,1689.294489934493,2172.297266206572,1326.7326231809857,,1416.0440958720587,,1399.641513186633,,,1648.8955741779816,,1487.1029238804374,,,,,,,,1344.1106180855256,2599.2747537075106,,1454.5940482699182,
2018-11-30,1400.2353310189485,1176.1967845690008,1438.0662322433227,1308.1292505226688,1222.9734719107494,1378.0158188171497,1366.0929232257504,1056.242672219988,1436.1147238234985,1228.3237012251748,1681.3144287759155,1300.2343573055098,1295.8764293800527,1010.6052767768786,1234.6042104602786,1229.602271422244,1350.757384910395,1317.6719343760135,1331.0672472970164,1191.8954815346608,1384.2869565700234,1419.8556991363564,1376.6477456325536,,1741.663997689708,1536.8522993923668,1257.5292597565224,,1434.926066619064,1201.1908505817762,,1677.762147981802,1221.3769947947123,,1701.351366810111,2177.301138619708,1304.5229722930212,,1420.6454533482,,1397.4615507919875,,,1653.4614557439115,,1501.4561435832447,,,,,,,,1324.4259866198618,2604.0129378015617,,1442.1469780290302,
2018-12-31,1398.52821403656,1166.768856656983,1455.3014762864264,1278.710948625311,1218.801244590417,1374.1180189149345,1356.4599672726715,1052.8927303733194,1428.1946424356422,1230.8296713070092,1682.8772818356954,1309.262178265103,1293.750248672355,1052.297279992484,1237.3694022821626,1242.954178185416,1320.8034122171475,1298.035393071882,1341.1200850620842,1210.3504972568066,1380.5744049915463,1425.8860283792833,1376.4217994785863,1186.7645898245123,1760.9905881831564,1532.2156467804464,1256.5953034743463,,1419.1107216019648,1191.9356929075273,,1640.8858727903962,1213.670714773688,,1694.3730807161612,2201.196620197491,1310.154640889118,,1403.5511099366609,,1398.6999541971245,,,1657.3357674678905,,1504.7230179294993,,,,,,,,1335.0420641116325,2599.3007927249914,,1398.2115340944413,
2019-01-31,1400.1713589924689,1181.253934007205,1473.3182909477528,1280.8687163902648,1225.4415667042365,1385.81493296115,1355.282338941758,1052.1536779904638,1436.094526340882,1226.5945660607838,1689.0302924784664,1313.972273506149,1299.0190236745657,1053.3030475345388,1251.9441037000795,1235.779889078099,1317.288942659489,1291.1033555896613,1313.7503695729831,1203.3573709032314,1379.3638307217504,1427.7931318537785,1376.9273437369056,1180.3983019857017,1777.402675682435,1526.7346516535029,1259.9953431047056,,1396.3060606421534,1191.8089582083644,,1658.6119099853329,1215.3410784237542,,1724.8495840889284,2215.9332458898944,1318.3650608775974,,1404.1530038237438,,1418.0942928994125,,,1668.440618535692,,1520.9207749480202,,,,,1183.6654665877195,,,1332.667522151145,2601.5252257827924,,1402.604986104958,
2019-02-28,1394.2839614451964,1174.0982154369733,1485.7888838665983,1292.5302395584094,1240.7480437031718,1390.34667600692,1367.3482257976164,1062.8121263413818,1431.8658762130342,1219.7033680230804,1687.373964623576,1297.0227301704765,1297.3492585264617,1075.1488300344245,1254.5001247026896,1240.857398046318,1315.0896403814943,1291.7565863856782,1310.0997010245685,1199.3059951003977,1379.14998983108,1398.382398208562,1388.0042098339552,1179.1998391178386,1784.6273690039986,1548.447506626714,1251.9910498564775,,1393.248408668725,1188.4508637352646,,1658.440272520278,1206.2107992534568,,1716.815200891091,2213.271911355835,1322.5951041685132,,1385.2014000753682,,1431.3442754502664,,,1689.5000111548172,,1540.9680347669812,,,,,1180.6165558338655,,,1357.8125230700862,2626.5636871966967,,1418.176259674936,
2019-03-31,1396.3188226807292,1171.2488988315108,1459.9626250296478,1315.286133211011,1249.4245299082804,1408.2307418216412,1387.720992087313,1083.8674881237594,1449.382929042707,1229.253868786021,1688.112307453228,1317.945541131091,1314.2725963184355,1072.402261155289,1270.1981046972735,1236.8277494428728,1331.0018259308636,1301.2371155123355,1290.5479069155567,1214.5159593218757,1402.532747962733,1405.3236348473265,1384.0130406530127,1186.4591945537063,1785.3715992720263,1559.6267693614077,1265.1835295690564,,1409.1267503794056,1192.404006890299,,1671.4393044491214,1231.940315141627,,1729.027522843315,2219.1761514422105,1322.8997797853892,,1408.2902903273502,,1445.1444826809163,,,1709.2296723601978,,1563.8349627960677,,,,,1187.242623082494,,,1370.013768216923,2665.017302993708,,1468.16000272696,
2019-04-30,1404.9915246680443,1183.650203260243,1457.0757229020674,1329.0407998936969,1259.3634028397382,1421.2757867410126,1399.115741382351,1095.9486917555107,1445.257650895366,1245.8785153243043,1696.9707184677443,1326.9861996741886,1337.457350694742,1096.2290220491857,1280.0493228281775,1242.331425885434,1342.3811263146306,1318.8979332943384,1309.6995096790338,1246.064170685834,1415.2768180751002,1410.9579696308135,1389.3399166819358,1203.0125413494516,1783.3493116810096,1578.958622902368,1267.732321930523,,1441.1237377598536,1202.3935974722672,,1670.967155139221,1245.438586977284,,1708.2327656631107,2207.9330634384464,1330.0524687635386,,1431.2622521420997,,1447.4781093974402,,,1736.484694930135,,1558.9838145133533,,,,,1207.3170672019894,,,1391.979966195186,2678.7431216533496,,1469.7189454727431,
2019-05-31,1416.1090404859249,1191.9225850783132,1467.5734571132084,1333.6375468583644,1260.040818994068,1433.3113313150582,1412.0519555836715,1104.5830262093427,1466.8972683201257,1262.5855285942566,1716.3803837970197,1332.7412971626154,1347.6079763237756,1066.8872037312583,1288.6863985363116,1236.5453845753163,1366.3082545362545,1346.672963493538,1327.4430031040913,1267.233070346499,1431.0611821960365,1421.5122696642536,1401.4240011774718,1225.7633741986906,1784.8302012519712,1578.8586397145168,1278.267249312691,,1464.6559396324965,1205.6532866210907,,1698.690888942551,1247.8176556078106,,1715.8383295490264,2219.3182085616745,1343.39090388979,,1475.7636295473617,,1456.266555490996,,,1719.1016944148234,,1551.1638806891062,,,,,1217.357947908412,,,1392.7392882090733,2651.2749105384014,,1476.0424631135727,
2019-06-30,1425.583275272642,1211.4939628237255,1505.0090237558163,1335.4619218135904,1271.5746297514297,1434.838480646434,1422.887095828852,1093.1248681854834,1480.101562788819,1271.639401614698,1727.3272930011358,1329.5903488692004,1358.6171846469451,1073.6815498972076,1299.258141916484,1257.9384804506687,1388.0498088502015,1376.7257409375657,1358.9492737216892,1267.3622122214863,1442.6021151683851,1429.8338627049377,1419.7378916904963,1247.581595798316,1795.9823298424724,1598.907279379365,1288.7382522453267,,1488.581512766189,1215.9288380730734,,1725.2660440245288,1260.377973876243,,1719.401053219788,2227.3845967768666,1343.9247717337712,,1509.5037529242184,,1470.9629190487117,,,1732.689348144699,,1548.5822899755667,,,,,1229.8342192268792,,,1405.9904980461245,2629.609945614113,,1488.2099282988452,
2019-07-31,1432.226384720026,1223.446665447127,1512.8430900959515,1345.392421350131,1277.244139185068,1434.2913454199918,1444.6966080436198,1098.0301221330096,1494.111035422659,1275.1000107527686,1741.5094364323072,1345.4671380882446,1368.7954458200427,1073.7448632371477,1309.8893384495284,1266.9677093703983,1405.9996135088072,1393.1063219485495,1379.4309254552163,1278.0387836519656,1468.337363168371,1440.1563700095594,1443.173931440301,1250.7378187503168,1791.7996346456534,1617.3582030032028,1302.667955934293,,1509.3761807375504,1224.3481762846109,,1751.3466814759104,1272.8042733299003,,1738.4907162385955,2258.058065599494,1348.553192237414,,1505.7041540202886,,1479.6676082297515,,,1734.85503075415,,1565.637148396208,,,,,1244.8997232260606,,,1394.6421035128296,2608.617570132495,,1498.860447639756,
2019-08-31,1438.416382704414,1226.7374877418492,1513.590330012673,1357.1117987085795,1291.5361340620177,1434.3114725880207,1452.456049262454,1105.008027437965,1503.134943025047,1282.198924133368,1745.3402915059582,1353.9247006914288,1375.0741400344937,1113.461260913295,1318.6132979392264,1265.5610961091154,1421.122883360626,1380.8759111967518,1383.7504953476175,1286.6759941120642,1468.5691868184535,1444.7527504568911,1448.9338972751618,1236.943356058727,1771.9978279100587,1637.3895140965783,1311.6832074526285,,1524.4563367228182,1233.7567121354075,,1766.2650588526735,1300.0237208493102,,1773.0149598373034,2266.4248058355165,1346.457756221239,,1497.6443022783424,,1489.492450923723,,,1782.638567354366,,1586.352725595178,,,,,1272.3181869522812,,,1378.4066748318462,2591.2728573653862,,1512.2629795154362,
2019-09-30,1442.191139486075,1215.804016569418,1521.9439526998888,1356.646094533775,1297.4684912773682,1436.5172270218832,1446.5817681509725,1131.545171319929,1501.376251999113,1271.9827558691927,1753.3633663612447,1342.8179880811003,1359.8432085719048,1129.5524118223325,1314.0874039080536,1268.1869732154712,1424.2661435102702,1366.6688420827045,1388.8961777295567,1286.6144135444565,1463.9255009465671,1455.4756141631035,1465.438403285963,1247.4886960482634,1783.5580047490046,1644.319421580719,1305.2846685378504,,1524.9639888869751,1241.7651461579628,,1773.2449562814586,1289.8263465067662,,1796.6946086473745,2253.5689054547547,1359.0765954044225,,1494.7219098492003,,1487.0754852789796,,,1793.900102054018,,1596.49223671068,,,,,1271.4153914020562,,,1382.1677251911194,2577.098212141782,,1505.2247750532847,
2019-10-31,1439.5748855339923,1209.6792565495284,1514.0363906978214,1346.49259756036,1293.3244283232748,1449.4703643423709,1429.4834137790533,1144.9386058429477,1510.4653253470422,1271.009073445562,1742.7562699537857,1334.0619727496276,1344.2184975857217,1149.6872181923477,1301.5867190691456,1286.1113057238551,1427.2533218377296,1356.247756744276,1397.9292558563395,1276.467447204278,1452.7668838900315,1472.669637140429,1472.5015868024154,1261.5124137037728,1807.0480238447349,1636.620994179187,1300.8330175250762,,1514.448500597097,1245.0516665568628,,1759.748792011735,1289.0005732476798,,1828.53249480688,2236.166458083018,1345.0570238927064,,1505.0976644230032,,1490.5710015368984,,,1795.3557398228545,,1583.2974266480755,,,,,1290.6114540345104,,,1377.0830624056448,2560.266872932099,,1490.7461889337874,
2019-11-30,1432.0369610891878,1194.1877160880358,1524.830302767789,1333.6215061215776,1289.820015919539,1449.350136635333,1412.6491870580955,1146.013575239129,1503.121365333404,1256.7763029504445,1732.395777110879,1336.5506148241384,1353.8814559099776,1137.6671447212143,1296.1377133913577,1294.506192346561,1415.5676494384288,1352.48025582914,1392.506082784168,1286.4101138890462,1454.6092970274376,1488.9656274659353,1481.4861284748815,1271.9120469035809,1858.2800307107768,1624.5967145565726,1298.2430946997818,,1512.319548925039,1240.131456975634,,1749.626682487004,1261.6728268492448,,1807.3820703156505,2212.355260781981,1343.638032162782,,1504.8555390997146,,1471.638254256915,,,1770.9484777039,,1579.7414558596329,,,,,1285.8984802366408,,,1387.1485306402767,2579.2526809152387,,1457.0366017383549,
2019-12-31,1440.105701338922,1192.8106386004415,1532.8919995419178,1337.8221589717132,1289.869994179148,1454.3031565272026,1397.6383181026088,1168.1319276890902,1491.2675341879178,1258.966904222871,1718.72570809663,1344.1356998156286,1363.2039618846866,1136.1953677830384,1289.3481115581744,1296.4194481318175,1408.0152301490552,1349.608927363195,1396.180004826476,1288.4940729588286,1453.654834892301,1479.5070108989073,1485.523467880324,1250.4741986048111,1846.81019508725,1624.5886124489507,1304.4990119806057,,1521.9755941132669,1228.1179688219995,,1744.132513599803,1254.3533379445223,,1795.1397827620094,2223.6780440260777,1323.3308071463573,,1508.823856325912,,1476.3800342039874,,,1766.270080538669,,1562.5370676320497,,,,,1278.2064839698264,,,1384.4351102989683,2582.961159227615,,1449.8606079736069,
2020-01-31,1441.9300029764058,1190.9497314081657,1552.962437240231,1354.6279885270728,1300.1013569681377,1453.9975707874814,1399.585648604054,1174.9034171830124,1469.3306927221568,1261.095092616319,1736.8950148886622,1358.091373089395,1369.479120488149,1141.8580056872115,1289.1672732776517,1278.815786906435,1406.9639230682228,1349.4959925030564,1402.3125039423494,1297.913840072813,1441.9602017307825,1469.0453320564416,1483.360031656948,1257.613172071008,1847.5517007671208,1619.259038494113,1313.9010562325736,,1516.1252701366548,1213.0938692292552,,1732.767931696983,1251.3245282507794,,1763.099301724016,2232.8095996273937,1346.3075619780118,,1501.7564537638266,,1470.89035821217,,,1802.7862617124783,,1562.7029421658142,,,,,1249.9438232392044,,,1393.1527964940617,2607.140652222569,,1479.1364942661744,
2020-02-29,1453.666023869378,1216.422705582928,1557.3855834242604,1369.2445654167911,1311.9171139557104,1467.9723491559982,1418.1672332713497,1185.9873978613716,1476.344793800117,1273.6135032439336,1749.2995131939656,1366.3065447820322,1358.6116433720094,1183.422151955703,1294.79586961892,1273.042723578096,1412.7854887834765,1352.7279020570795,1411.531424560991,1293.0998142885471,1430.2503316774184,1476.6922968213423,1473.578938220861,1265.6898522646286,1845.063610594022,1633.0741814525604,1317.4800467985797,,1508.677542548577,1217.716820780186,,1716.9437294437105,1270.687219575633,,1781.8727605568556,2269.259749344992,1346.898223729734,,1496.3409455904011,,1475.615948196083,,,1820.398768004785,,1556.424880114203,,,,,1242.7185049098011,,,1395.416738694995,2589.737414874461,,1520.9288187340455,
2020-03-31,1458.0944708736774,1240.3234699245174,1545.9051775159558,1382.4852877822448,1345.4478160886842,1474.1730452431998,1432.1173394932553,1171.192300029638,1492.447258540825,1287.8441352991426,1770.791617998817,1369.7500041541414,1376.111483154017,1193.1906122190865,1302.9460803588886,1272.8424039848082,1413.484181584884,1349.9908232353373,1420.0074313149846,1350.3300035642355,1436.0462118781306,1472.7327044163314,1438.857114268287,1266.6126508199966,1866.7252577554668,1618.1186506446088,1324.1063760376992,,1497.2274284200453,1226.6664689799895,,1717.3629610336386,1274.3499294379396,,1791.2827093901408,2249.5566583901327,1373.7632032595166,,1493.5546521508434,,1469.782977111866,,,1828.7436652156316,,1587.8031411671104,,,,,1247.3146253170466,,,1414.2224477196603,2616.977949496005,,1540.938533001235,
2020-04-30,1460.5086426002092,1202.764033897548,1529.8467953867664,1376.7719597034868,1348.5862885022534,1478.0359498540342,1439.739747254751,1160.3947013464187,1495.4950443945188,1279.626599291909,1749.8466508167087,1369.9991306843976,1370.170521025863,1231.3526938925431,1306.500568213268,1267.132415513393,1396.322152560592,1352.2727120981046,1398.342849526265,1350.969554599674,1458.2736727390538,1472.536528731123,1419.2981470862624,1264.886022885123,1860.8912201786916,1618.87767674434,1318.536180026764,,1490.694351033436,1233.3270485103756,,1728.013010472927,1272.887819080961,,1801.626120400873,2254.9304374125777,1392.4703339156545,,1486.1060204134667,,1455.6676219060494,,,1800.0167815408188,,1593.514815016183,,,,,1258.173203677863,,,1425.010753964517,2589.01140251888,,1510.3847043091491,
2020-05-31,1459.043440131108,1199.9664742703096,1527.7675197624424,1369.935484005184,1340.583255524554,1473.1690849290424,1439.9465535898355,1154.508918750788,1477.6601402812105,1260.3581818943214,1725.1200598568016,1369.1910901362985,1360.0932540141853,1259.0009651025923,1298.1752718532305,1256.8457135711983,1402.7746147015878,1351.5027285333156,1395.253082405599,1351.9043758833388,1462.547488767886,1466.724664749297,1404.2965872151713,1261.5761235212603,1830.9341670498984,1582.6650215983393,1304.3952453735824,,1478.4309932024366,1223.1701538825052,,1739.1695762701308,1259.8785628153587,,1783.249784809041,2206.7469266295016,1410.5532326713794,,1477.8364094714157,,1440.5673728334325,,,1790.1931698492656,,1591.4301003752437,,,,,1254.394081046042,,,1431.6508619300853,2556.9919180888837,,1489.937685770012,
2020-06-30,1445.8392549431371,1200.524562126464,1535.5365620457178,1360.850007767555,1314.2790608556786,1472.4440951235083,1457.1426657120485,1136.6620252411135,1479.9448323276952,1245.6948370719947,1684.153809887552,1358.291475749391,1332.1072960939275,1251.7166288458886,1302.8412071819223,1232.2637643364972,1423.333582833916,1351.5171877421278,1383.9704056939916,1309.620954427883,1455.7328111005495,1486.661853738521,1420.7388294360528,1268.1376060178775,1816.782384465912,1588.5138989711895,1296.9308158664694,,1489.5416320452532,1214.4282232631272,,1741.5610801344544,1269.872268079223,,1776.4849756693916,2187.776528736773,1406.6635154259354,,1470.732347303987,,1426.9681991086045,,,1790.332739378333,,1581.1082732736395,,,,,1266.9939825424278,,,1424.0075829638818,2465.7613410929744,,1477.0904462832432,
2020-07-31,1449.3239744350972,1248.9086457562682,1556.0149733928156,1358.5195731026351,1318.8836113917976,1466.96288891633,1470.6433353028635,1133.6428215829994,1499.3647012937658,1252.162978801718,1681.0090616998332,1354.1246785550509,1329.6667937242066,1252.1137143376,1307.9995972154045,1227.49977784816,1460.067167951335,1346.844378917625,1384.731228803314,1323.3415880468262,1455.1652969891206,1500.4714765419587,1425.4967467817658,1259.2468138896804,1809.383529968228,1599.6795839877325,1293.663190333987,,1478.5091322591218,1211.5353291534634,,1736.849240925224,1266.3136964914436,,1763.0124084699012,2160.4721070520577,1392.5730802316737,,1469.3742174958318,,1435.9312548212413,,,1809.475647805157,,1585.7700528384166,,,,,1267.4992396049058,,,1425.292068484738,2424.33586021099,,1480.5856097734372,
2020-08-31,1470.404763088397,1266.3864486721843,1569.1406158439029,1362.6787620744744,1324.712049255841,1468.4299827456912,1467.3772073013297,1141.0829377805755,1532.8545615816538,1264.5593818543337,1674.0814895727406,1335.8366265032232,1324.795487309704,1249.478076441115,1320.3345815282007,1226.7360511130305,1454.158246687775,1362.627190411475,1381.491473340242,1334.4531049384186,1472.8262296473297,1521.015131883364,1441.5412475079795,1245.718580333304,1802.7994301184897,1614.066709423013,1290.3778530085335,,1467.3749670103666,1213.2253057340931,,1744.3260640831422,1254.8006007145943,,1758.230586269832,2149.531699035756,1385.9940630506874,,1474.0199848183363,,1437.6648374958363,,,1811.2211026308155,,1559.8634735585704,,,,,1282.7647375255915,,,1423.93577472102,2383.964327630434,,1462.67859573207,
2020-09-30,1481.650382652506,1269.791154474581,1577.5567641326256,1365.2628741823871,1321.3317555222886,1478.986346373502,1453.144616349165,1166.095047656618,1538.5647956312398,1263.657723246751,1667.103871896574,1341.3504164661606,1313.0124052754468,1261.9038585357198,1321.0648058783777,1211.6496357378016,,1378.6435968564008,1364.508791224863,1333.3442244834378,1478.7684309087767,1541.816501056938,1444.1857668125167,1251.9913651552883,1762.627359759054,1606.8300712747623,1298.657019819188,,1450.854238579879,1205.943755093111,,1716.889328993056,1241.9624798056077,,1727.6376242654906,2137.727889401332,1386.7169130126613,,1460.4894738083508,,1427.2653972184078,,,1825.8920213801523,,1509.4883493976904,,,,,1274.449352315328,,,1404.2012079898025,2351.7763679443497,,1461.8226517548003,
2020-10-31,1484.0761808273012,1279.5989086304523,1579.2167709683406,1358.262345861115,1310.7862271087242,1480.8148413389158,1442.0029908707318,1178.2411425588969,1533.1113186861553,1248.2837040189518,1652.722367306732,1330.107452413824,1286.899464031082,1251.2789826162316,1321.944708246564,1193.1592641247098,1467.5569129288556,1384.614609985959,1326.5032349200817,1316.0341272052492,1475.1591519350754,1548.1889729292773,1443.1258568334767,1255.1052698614503,1724.8899179514883,1580.4028718428694,1307.3622076220645,,1471.0237521892625,1208.2458383778123,,1717.958158382674,1230.651642315995,,1690.038867030373,2124.742823264972,1377.2368897603735,,1451.2767283644314,,1408.7249005881108,,,1853.525473833785,,1467.9640245032265,,,,,1288.5219208866033,,,1384.7027281318883,2336.086399055458,,1438.902869024191,
2020-11-30,1469.1922838360838,1274.869425480064,1586.3231492514622,1358.1551992196469,1308.6480325587463,1482.7105420476569,1448.7021478266038,1176.242759326259,1508.705615730494,1245.8781889833451,1664.8326881109722,1346.4031146454556,1270.235281132492,1240.0091226194734,1321.6348342144374,1186.073457587069,1477.4951914055978,1394.310920605922,1322.97412078482,1290.6565847278584,1451.6542553799704,1533.123764088102,1437.564190569684,1261.9075204976066,1731.031003517849,1570.1851809292548,1311.2400144186215,,1480.1638632502104,1205.216313713728,,1702.026718846525,1244.4549923152013,,1669.8877920438706,2151.633231785834,1368.955137916925,,1431.2226263388911,,1403.3058689237605,,,1866.3564664673868,,1439.25580290909,,,,,1258.4764170576525,,,1399.7733794385667,2334.328834930805,,1438.414590336857,
2020-12-31,1473.0535435749732,1272.524179884959,1603.6978199560758,1362.3378590566865,1290.8339509822135,1484.534659476599,1471.9268053364206,1162.6299750776836,1533.943578418667,1246.5504768995895,1689.8112534064755,1344.2208746733163,1268.2549268675127,1258.1443899220158,1310.1311556333785,1180.6125186569302,1466.1394813136585,1388.8107868011036,1329.4813786430257,1298.2617913924232,1440.8052416900646,1526.7923201532476,1434.272162153597,1266.1352123805268,1755.0295275631834,1583.1094333215494,1308.2650066688686,,1467.364614899627,1220.811454005322,1450.4142053771486,1713.754097975028,1242.7142606755797,,1684.5927200650162,2194.0027883524044,1360.698424304287,,1439.5329155769534,,1401.9283565945311,,,1878.8723952615608,,1444.6316787151568,,,,,1257.1656191872746,,,1395.423543334548,2395.8634732358537,,1408.955358307111,
2021-01-31,1481.3473353656595,1271.2675186828262,1622.9419844809383,1372.0310782147394,1295.780577454275,1490.9629081571445,1480.2359547862577,1159.213143344699,1547.1553428956513,1252.5843059440542,1713.753662853165,1332.2691908057816,1293.384110909231,1276.5450933154934,1309.975018433892,1184.9981514375936,1473.635439711721,1399.095000097964,1376.7459297547196,1303.9900657743126,1443.3622556055557,1515.3928033137795,1439.2533491571537,1267.6447740593712,1801.4696742746971,1607.8668921247777,1300.105452132481,,1482.494228269322,1221.5824026433147,1461.1495520638323,1699.9537976845654,1264.4641422092957,,1719.1703547953,2242.3961970288383,1360.8805799092263,,1447.1503353999435,,1409.4474667138306,,,1870.7483173265905,,1466.0723264782323,,,,,1238.4514871334156,,,1419.6944068782109,2470.973789614222,,1397.6789788310875,
2021-02-28,1479.9475081977714,1261.9055967648162,1627.649122326006,1390.7774239284784,1310.2229613952748,1514.1444324074969,1496.953081832143,1170.3242417278054,1554.5738723738814,1244.920352059917,1745.8157291844514,1328.466588868858,1317.5699306153572,1316.5262075996757,1312.1244851035865,1190.376299368887,1484.8264943099464,1393.3705525869334,1410.733085676601,1318.5565163100273,1458.1287371706865,1506.8933703063262,1451.8740186426387,1274.627853341,1812.7175470130687,1623.5345915711246,1322.640089317547,,1483.6906399375555,1237.1380778258183,,1718.394419880776,1264.9250550928427,,1746.8831915616925,2305.0246153542626,1365.036354625012,,1474.656322691545,,1418.1532938941075,,,1885.9484936260403,,1501.341919681524,,,,,1259.852614905103,,,1437.8882246652172,2571.2860749522088,,1402.5584842634694,
2021-03-31,1494.9376563628016,1255.038844782479,1633.2883452662295,1422.100868023591,1344.4278321874208,1525.7415542726442,1493.7250357427165,1193.004783669552,1557.1199416096754,1254.2113939964595,1775.3641480643248,1333.2071170899603,1352.496856368468,1349.851765364786,1335.6503724705303,1220.8317297506376,1508.4936884243311,1415.016252231806,1448.0176419493137,1322.5951694917298,1487.4735838843542,1517.3013832609868,1469.1578985897645,1272.8624222065184,1833.5367870781413,1640.3192406243454,1343.867188485308,,1522.117329646151,1238.8039441320757,,1741.1813999621772,1283.5676096170655,,1797.935323852578,2378.327002487261,1375.7854412252918,,1489.0143576630312,,1446.6243826838754,,,1899.8911501231464,,1536.1046810881178,,,,,1271.1045504659492,,,1443.653262665798,2647.184830807824,,1424.1381541976984,
2021-04-30,1522.7857121531367,1263.9544008805428,1649.9977813657663,1479.482882372268,1386.3114493732703,1556.718959621361,1511.8962751324063,1211.964994804716,1608.3232026222383,1274.2278728424003,1833.228136044305,1360.4725708043793,1389.5000974000047,1364.538761799143,1368.8891381296833,1254.8973831512562,1560.847801182333,1446.6398588602956,1491.6468818179196,1341.863047365849,1514.131452878889,1530.8301890551068,1503.9263815492995,1288.2371723233928,1844.8793785145224,1669.838917339134,1378.432375621309,,1531.969678481986,1267.832447391515,1520.6496114520987,1778.461091202342,1286.1722430386442,,1859.9123044922487,2452.5140275640138,1409.333713515738,,1509.661781289137,,1485.985392700773,,,1941.4633578956068,,1565.5081855611693,,,,,1306.9702752393791,,,1462.0419846872694,2734.706373397874,,1471.8221983156309,
2021-05-31,1579.8230083607166,1300.3844585221525,1674.6121771014018,1516.9694209891898,1417.3926230718623,1563.4648439008963,1530.004052598019,1248.3014211010773,1685.7708094069806,1309.1975498971472,1887.493250718948,1389.947579973041,1446.898055122805,1405.7337396100709,1398.3791949970002,1306.4980052014726,1615.8566193259103,1469.389067091613,1516.2215172058854,1388.5177712247198,1566.2912507070562,1598.8597232537677,1546.466362227534,1324.2985092939691,1864.4263229637008,1737.714060657535,1416.434359543247,,1596.2681956744643,1301.8062319866956,1505.1719782786454,1832.2910297890176,1313.9712712288558,,1926.8209007161847,2538.637480826394,1445.3750702325722,,1540.0211177667095,,1542.9719475826334,,,2024.5139037594736,,1625.5392797195948,,,,,1343.2376396009672,,,1483.8286732765996,2849.0906329792338,,1544.2172365541885,
2021-06-30,1630.5899515143915,1346.2124742442938,1704.1805586709347,1557.2912488576171,1474.7241191084438,1607.4441158338475,1576.3957966786193,1272.413040542279,1745.221241615768,1350.816878313576,1971.7345457818296,1441.18068899832,1509.3696680244454,1432.575858024651,1450.4690276947244,1356.1561748926215,1676.62141685619,1518.421278762903,1568.5381959839915,1465.6859598865958,1616.731024349789,1668.985064082978,1614.1008880746997,1370.2540247855518,1907.139308537188,1806.7223277480173,1462.5838955544923,,1663.1761048909452,1356.864857098593,1502.933928945549,1895.4326487883395,1350.9092740550889,,1983.122246579712,2590.623541935256,1481.696929879189,,1559.4987449528471,,1619.7314024870022,,,2100.7424710968157,,1705.2450509565922,,,,,1405.494012418355,,,1546.38310423348,2940.175328261526,,1612.139386003821,
2021-07-31,1679.5751379453338,1378.5808907705846,1731.3139758440002,1603.5644450919572,1517.3908322942605,,1641.8756809832669,1304.7075903296072,1790.5577656198184,1405.7460582213796,2051.328636873509,1512.1087006071746,1573.2839181155705,1481.5555948024758,1510.479942382264,1404.7624760483,1707.317001247557,1586.0459916079903,1596.6812752488024,1508.2612573387858,1666.7962554897335,,1676.8800181857723,1421.2438791757716,1946.9624699178528,1902.079444434976,1526.6379683485409,,1736.2720688970462,1404.5930563361,1488.4640635935066,1977.834164268089,1409.9372491186373,,2044.8475335138032,2698.002379895591,1533.4177500503406,,1594.8550274786044,,1700.2701295620886,,,2201.618905497113,,1794.2971032020068,,,,,1456.3282076921616,,,1575.5163455374347,3045.583630707947,,1685.582894232238,
2021-08-31,1737.4288785462393,1398.248668016715,1765.113960437717,1660.6624223048177,1583.0553840646696,,1711.586893240399,1337.8171348330995,1815.5070044397517,1458.86123416043,2118.82977722478,1586.4707753444004,1639.4834284244398,1615.1689863239546,1581.3395555428203,1460.6143844584346,1743.7489987369163,1675.5746417795124,1657.2088283377611,1529.902289939338,1708.0305509649772,,1731.6240796940774,1487.028735247843,1998.7662424344628,1986.323080083465,1591.490792673938,,1789.2065011306445,1461.3349378737282,1539.539580532018,1996.13226448694,1472.1087416700998,,2091.821645457575,2743.3817455052,1573.018472691843,,1609.7308878942413,,1776.132418861556,,,2253.570973414768,,1851.29979678206,,,,,1530.9535133344389,,,1619.0538730028784,3062.3836616027907,,1713.9892433129935,
2021-09-30,1764.8789987769542,1419.9192204918131,1801.3485773219231,1704.5599094715533,1605.4570696875585,,1769.0767274490977,1376.6399866129582,1830.7829485554864,1494.8491554126342,2156.843521303866,1628.707777892752,1676.2938865537933,1729.3696036305682,1620.589824836164,1516.607985265554,1790.2104993732164,1717.2007617490262,1684.6507107735174,1502.8852514770135,1738.550466417218,1888.900148409124,1763.1658024943874,1523.6155718339107,2015.2238346399824,2055.055820107179,1649.8856285685654,,1797.1730131864645,1519.2427388966712,1619.119786491311,1996.270883381828,1512.172392857962,,2129.786647439754,2761.894478846414,1637.2630478365263,,1650.9525243661255,,1801.1788924613722,,,2329.435208149346,,1856.6660696576057,,,,,1584.0137567059655,,,1656.1406215840348,3073.3606742224392,,1739.1282185762534,
2021-10-31,1792.81353726349,1437.989895834029,1813.3614209598168,1718.6149164796943,1618.476812983945,,1812.97390272676,1390.602580877236,1818.5199229200205,1510.0700467704328,2173.3713687305635,1668.0829899232388,1691.5896041456706,1788.5875010482775,1636.597911830366,1558.791853346789,1800.6758534697387,1732.275374914154,1701.650024758519,1536.5209679599925,1769.5369759107723,1903.0809146662136,1777.4708613290084,1546.6810689282693,2045.1932223014344,2062.9521718920905,1661.364937335219,,1794.435838888493,1539.0776696539026,1674.6708368542647,1985.4624347302204,1543.0262734634891,,2142.743503932682,2697.17907864946,,,1653.258151205016,,1823.1827283567209,,,2336.685953188962,,1825.5008596032253,,,,,1612.3524889045143,,,1691.3149797473766,3054.2319876411134,1636.404500021575,1738.349374879326,
2021-11-30,1790.9599631688225,1455.4961828589014,1817.086652032503,1709.250236906404,1625.1254047075786,1834.3263944656037,1839.1175472338775,1401.2876354334169,1844.104785704088,1507.729640770073,2158.628131437713,1676.429044601951,1671.4791745659738,1750.6928434919373,1637.6711203937966,1561.952589264363,1808.2235675943143,1719.6444016980845,1699.4548473838504,1574.3216338289851,1775.9005622309276,1881.5906472350025,1789.8416290757366,1531.3987014859829,2024.880636791167,2041.756969091206,1662.4910108733989,,1791.598657810174,1538.9729764005435,1705.232345976669,1987.1590854064875,1535.9418649401143,1576.6078608097862,2157.892870670177,2664.0041342647746,1700.6299479200668,,1685.419006843684,,1821.071525422128,,1608.4429914141476,2360.973892067448,,1814.8613473954083,,,,,1607.4874665723405,,,1689.8044102779402,3026.9285402862006,1643.1579375449096,1752.2690392741158,
2021-12-31,1804.006459506201,1461.6491676036635,1813.4626927530524,1682.811121826898,1638.5481391686772,1840.2969980056364,1818.068358626822,1411.6592715375116,1842.978082013478,1526.6123611873832,2142.0918974551,1686.530718577764,1668.4493999337603,1748.995609378537,1641.155082807946,1579.7523720703523,1807.8931231913448,1707.8406003695504,1708.5463651240832,1619.6548479027354,1781.5814267149,1861.518860138749,1797.69539978739,1545.8454187174616,2078.7094386664958,2007.7356624401343,1646.9079929015998,,1810.2482650512184,1525.558951668574,1701.9041159198282,2023.978054292448,1546.2310407594175,1582.0810917683295,2152.064549317856,2710.919251902872,1743.2933188201184,,1698.458558283949,,1813.5528866341615,,1668.691465376564,2329.301095972173,,1820.98011306451,,,,1830.005325653724,1614.614869844029,,,1691.2605380907512,3046.646816711864,1706.2451650380078,1779.1830550079858,
2022-01-31,1810.9433120137387,1470.8509104525872,1841.3579774904629,1672.0460949665348,1648.6116402660612,1839.8228502061384,1787.4922998833952,1433.023671051138,1864.857356743059,1526.4193210772223,2125.7350840998765,1660.1166873685554,1656.5212735787456,1777.601619472567,1631.8857345736117,1582.6604297497684,1816.21188641706,1704.8782074540031,1698.3486426115414,1607.7826138685075,1778.381807486226,1838.856894518522,1776.44989041117,1554.935419627392,2051.156621135978,2021.31684678971,1654.5846463251794,1645.3658796255013,1837.5683650210667,1531.3246009377865,1688.1777020515713,2019.7919213119576,1554.0980990447104,1602.814598843624,2154.189923346974,2745.0171396192086,1775.259658873274,,1734.7802057744277,,1811.8464709187276,,1736.2347178836876,2273.6423246915497,,1833.625875465725,,,,1850.7342958416896,1612.1252801293504,,,1701.3162379003234,3018.531180841117,1714.7937458261258,1809.3984525040355,
2022-02-28,1814.2542070114885,1498.833299477296,1869.448026841713,1684.2844024856445,1657.397955307977,1832.8584834933165,1771.7862861421115,1422.6936805633452,1865.0853603727685,1522.7898727453053,2146.889739163424,1649.2634439686035,1676.4128191271593,1769.236404412398,1643.6915939873188,1591.8967447216282,1817.566051044072,1707.363186013059,1701.0159841724555,1633.0136189749446,1819.7384377093188,1845.4290808706105,1774.9072108781436,1574.1823345450432,2111.2897883403143,2016.1180312456768,1666.7219468659368,1671.479666091962,1855.3269757135215,1544.0324545976675,1685.897902158122,2067.147510011677,1566.2361674437789,1594.099302587396,2176.3264540588234,2774.7648764169776,1762.9537513847692,,1755.732588810232,,1817.564748663519,,1893.2644941505184,2289.549133505237,,1857.978446845387,,,,1878.308955627313,1604.6605809270245,,,1731.8230151269067,3072.3627520853456,1766.5479651757803,1829.3370296896076,
2022-03-31,1831.675205543229,1517.744464694339,1914.56720553334,1708.1275664021923,1666.7243113576276,1830.9543096698935,1792.7388694178514,1430.0792198309157,1901.1598133334223,1518.6266531234935,2176.804193744982,1644.7012114267277,1691.8086092801436,1780.267837981185,1643.2834945038717,1572.2826769140977,1830.665326823642,1724.8428801366126,1705.0127727253564,1618.5099298635498,1831.4680932502868,1853.642974692021,1774.1972657360457,1594.6071536220586,2102.331630391063,2012.5555398695185,1692.7103516548384,1756.3316653750965,1838.332702284539,1540.3470852412952,1705.2136655705135,2055.9905180741907,1576.2123459967688,1599.5089322079,2211.268699159892,2763.2952478908105,1712.8250682663556,3384.910396507474,1777.3475375707558,,1853.5034661308837,,1954.1579662284012,2320.3502815155907,,1878.966194486376,,,,1932.223089108743,1566.1261916224564,,,1748.2414828922438,3099.888938599041,1721.8127020689658,1839.067205233334,
2022-04-30,1829.7855197452272,1541.9010061625663,1947.9393205175263,1727.2147514733174,1691.979448198784,1838.243545929295,1816.04788866853,1438.8803728250896,1937.2979857814703,1550.1864741677252,2218.6182730205537,1656.2736830831725,1727.9164061653703,1765.5501687242995,1670.4469832579182,1570.83550720069,1845.1609005523408,1732.4312864278177,1763.2485594730108,1652.655954852328,1847.3892766777312,1833.635891346173,1813.4798193537088,1627.8674320730238,2165.7011829655903,2002.465184753641,1710.4760058214963,1774.570284825836,1838.7420545658215,1540.7588799947207,1728.476569932279,2101.602223120415,1588.0106102569823,1589.977300347812,2239.1292417900704,2817.911723467669,1712.1409252225772,3442.0442708097253,1817.817208210589,,1873.8918367361612,,1973.4439398099944,2414.8722668671526,,1919.811195469881,,,,1966.4847956916508,1567.9562732983711,,,1755.0103130670673,3190.8214638651352,1726.6160075020025,1850.018213997061,
2022-05-31,1862.5264129883,1528.9804401374306,1990.7338623064172,1750.1284356469466,1705.1055295933772,1831.0216883838773,1835.6687160341528,1450.7001800842104,1947.5538167639495,1591.0014323112398,2261.0753692156104,1702.98803695806,1761.5410335917052,1762.5841344242383,1681.8818605579374,1580.9748402697094,1867.0286670380867,1754.019004026343,1786.298048202508,1634.894048755978,1842.2402348857177,1936.7180322873248,1851.3876077212296,1639.4840590451483,2205.26621195448,2034.461668336317,1734.0606460595716,1833.6991834471876,1853.8489496077957,1555.5091859182671,1793.932934347729,2123.3912234879385,1618.2956313018956,1619.9258655129256,2270.8673822903984,2920.66946530372,1735.0256433702075,3565.529693589466,1845.76537263714,,1904.337343730163,,1953.4134934383528,2446.70852423467,2195.002603086302,1950.1978728558863,,,,2045.5073716727984,1611.2221917222746,,,1767.592261287526,3242.1932628299774,1713.834924148147,1863.1522426685344,
2022-06-30,1884.061999357168,1525.2013221370669,2004.717831614233,1772.334993452047,1739.35979470857,1840.105325508608,1873.224624692632,1474.5228423278663,1967.3946964021347,1625.4919697815303,2286.233807525066,1762.21954422194,1798.5377104865654,1799.5116121516862,1720.3336167590162,1612.1820207972205,1900.164472704242,1783.3168105283908,1807.014302654428,1653.191895597559,1872.600461329744,1957.0324961817369,1882.9959427252395,1643.1057542609235,2276.10361714396,2094.567156703328,1756.0444771565008,1843.409076692198,1897.6746206453308,1588.1824680124062,1884.1146657326003,2179.569607478312,1640.8035362245878,1634.539955635663,2308.119834264979,2999.6637084182057,1784.9093302461786,3589.830054438024,1855.97026464458,,1933.4887200184896,,1936.9772506986976,2450.7928622511326,2155.783260702063,2010.4788444312096,,2135.4267181203686,,2054.5999483975866,1675.3294705195683,,,1800.714431691054,3287.228615969798,1728.4890547826308,1903.0569575441125,
2022-07-31,1912.7238445151652,1516.774852275756,2015.2529537353528,1794.5162191833624,1763.760482136011,1857.771587337037,1897.5646497817104,1519.139301891496,1973.7497831752296,1648.3604377926958,2314.562940675148,1815.6324544615004,1827.949573599203,1947.9976459795075,1732.547091570012,1647.8489464864656,1957.6292138447195,1816.9011029320488,1797.6525147422292,1637.3201792392445,1905.605796345097,2048.424839879778,1903.671280429903,1646.6602750658324,2354.831936060445,2133.2192140127645,1785.801003572181,1885.7647312939607,1941.404372412349,1631.1854150855247,1965.1563701792245,2215.510818754989,1631.2962465335763,1670.523999380739,2342.5433566255806,3039.076348098948,1806.210180880358,3627.420089094801,1867.808166297354,,1949.0674562444224,,1937.7707998485653,2442.6640030215945,2146.372667847479,2026.315413526842,,2171.051092275147,,2087.212306966423,1718.4670564160958,,,1869.226608980152,3269.856863373593,1733.3670022880858,1907.242366160429,
2022-08-31,1899.4028106769456,1547.561173693865,2000.219912182297,1803.7546108493264,1778.9176859137017,1899.1271443786004,1890.725294132995,1563.756087344004,1991.4878927223444,1655.5890977936172,2315.714146936984,1863.2470631118483,1838.328651216864,1999.0118804250317,1748.0655080112151,1650.7980128103404,1966.2544289290952,1837.1363413821157,1817.652795920759,1630.8559428364763,1915.750906772481,1995.6002037252492,1904.905543974024,1658.753958492854,2411.7714171400507,2116.553597892595,1790.3541448436197,1851.2022896842875,1973.269770236192,1641.7244767217628,1968.9768120854983,2246.4561890154087,1617.382757612976,1708.4423536840063,2350.3617275311917,2955.0192742931736,1830.2170325819511,3625.3457108536936,1872.6557934672207,,1934.8168349930504,,2001.0862775453052,2401.959679005446,2095.654276238433,2035.8157567747485,,2140.7206732808454,,2032.4967494154123,1712.9066055214328,,,1910.856409421408,3232.196124922698,1714.862170890715,1927.8956195196408,
2022-09-30,1891.9579819782196,1574.333056750018,1999.3124742896696,1794.7276042598653,1766.425047008532,1937.4078308957835,1894.6294114894877,1566.4284935752764,1986.735713939328,1644.408612778332,2328.1806482640395,1849.2119046051528,1835.032159903039,1995.2417912065605,1745.0399428632186,1650.0951619686616,1918.191324513362,1822.123829803882,1804.472519078998,1626.7533072549927,1892.9735693853272,2029.879899317057,1892.8306327058096,1640.1862326388905,2337.1208023929644,2092.7038649439246,1792.867035794737,1843.665130379633,1961.746069886144,1629.2076605670409,1925.971713493597,2263.58520179916,1610.4203385811577,1742.3405277965478,2328.8009457851317,2963.116753800292,1836.6224926144675,3626.36053801717,1865.69628704982,,1934.6838745362736,,1984.2504006331744,2402.787000874455,1977.4608799741584,2000.636974637252,,2116.4007563312907,,2006.445272066931,1705.4671757668714,,,1912.877115025969,3175.6347511455438,1686.9055997932037,1953.5918848773165,
2022-10-31,1884.5005126697035,1590.2012537896785,1990.1625883150869,1782.5542769376218,1750.3689627555611,1939.3694439398955,1871.2630489318744,1559.7931557322054,1971.9172442439983,1620.3548376934225,2293.1364038099414,1847.8744317206924,1801.138036820698,1926.7966230811808,1738.4168409994531,1655.9467927301898,1851.211979223032,1803.3398570438471,1779.2366106717734,1644.193989157087,1858.6597506998407,2001.841042539691,1874.655173060119,1616.1718734212768,2254.825946072257,2055.7857235947445,1771.6934882464404,1800.327063614625,1954.8074873624016,1601.0888116110427,1882.2348795984012,2240.619771054439,1607.918983186432,1756.5840221113217,2273.401878876532,2911.5517351648477,1864.844849295928,3557.3703328534184,1822.2435464131845,,1918.7231733622596,3116.3403815961647,2045.938964298816,2378.377089976917,1909.8050776599964,1968.4288789554143,,2145.1792532801437,,1971.7038628651464,1692.625586028251,,,1853.2161954080173,3154.318391282801,1680.3333490754608,1936.811692311108,
2022-11-30,1885.4195343934032,1596.597333985586,1982.039590514772,1756.1440118519415,1728.4287280628046,1897.0540186193052,1866.8304230052404,1545.274797475792,1959.813769604253,1603.7443703229858,2258.59003772219,1808.5256125087965,1767.24532962315,1883.6972005540724,1711.7976593484666,1657.7876006276788,1831.1898996689024,1789.3641835380529,1724.4899964353588,1661.9748680661248,1827.096319351203,2000.502233898044,1838.5257846014945,1610.9195674558566,2183.7192789599053,2044.0829176876289,1755.2291402397118,1842.8012153820205,1918.177485837172,1589.472035386183,1830.3042246119696,2168.0582100189176,1611.2885353123313,1728.893622287501,2219.454692445292,2943.73361918104,1830.2486836770704,3532.674404506715,1796.7875445726845,,1899.508020993124,3203.957221946679,1969.2078694029385,2371.196573788297,1855.94476950732,1923.2807474942224,2420.392206641462,2153.415939863577,,1957.6049148126515,1681.3001790513586,3103.006710105369,,1853.938949341809,3106.9722821614578,1685.9736994932598,1928.2383385042897,
2022-12-31,1870.178534381473,1608.711081754372,1970.468259410156,1762.267657416009,1714.2353799886218,1863.4747191505912,1859.051409204839,1519.3253514214152,2013.792355165214,1587.3954416900624,2214.0958131185275,1804.4221998213327,1736.352492664943,1841.2598024891145,1688.5885414056845,1657.6609114522028,1816.5302902205312,1776.9424770068258,1727.1911028514846,1700.7941955958215,1824.332867471849,1991.6008094526087,1823.9271523807088,1616.9447248409188,2258.355677093027,2058.674237059237,1727.6884204645703,1870.791564899585,1937.3676028220927,1589.40999200173,1807.5199205158135,2155.718788751771,1594.7762526645035,1707.3994709457002,2184.0578015161013,2917.986920117733,1808.962422786202,,1795.603492125423,,1867.874292316608,2893.200837970183,2008.5914189078849,2274.0673960624435,1772.6555595665286,1918.913932101207,2345.120874453367,2078.220049564225,,1977.9036514199056,1649.5023577867146,,,1846.03915344119,3118.1732496838213,1708.3125032335088,1845.2076293436785,
2023-01-31,1877.8666666666668,1630.4980463980464,1974.5981554677207,1746.0150747238465,1703.7677790606042,1865.2685185185185,1873.602222222222,1525.7199338927028,2038.1249417249417,1573.8024431123702,2201.724946591932,1791.1206349206348,1734.3015705173195,1831.7191598524928,1665.574074074074,1617.1984126984128,1814.85,1763.023196881092,1763.9174603174604,1701.2882352941176,1826.119047619048,1981.1416666666669,1826.1142970927915,1614.625356125356,2308.0942028985505,2077.609126984127,1732.7223947550035,1873.5714285714284,1909.6517255892256,1579.1301587301589,1782.638095238095,2149.123809523809,1577.0707282913163,1690.277777777778,2205.0996422558924,2910.5045893719803,1764.1098484848487,3210.222222222222,1811.6998746867168,1997.5,1848.3317901234568,2976.522222222222,1972.5,2263.625,1757.5,1940.9243773390117,2444.5185185185182,2124.1666666666665,1634.2916666666663,1964.611111111111,1628.2335685227565,2832.5,2136.25,1884.8333333333333,3075.787252039303,1719.8333333333333,1875.9126984126983,1859.5
