Date,78739,78748,78749,78745,78744,78735,78704,78741,78733,78746,78703,78701,78702,78721,78705,78722,78723,78751,78754,78731,78730,78732,78726,78750,78759,78757,78752,78724,78753,78758,78717,78729,78727,78728
2000-01-31,0.0,0.0,0.0,0.0,0.0,0.0,0.0,0.0,0.0,0.0,0.0,0.0,0.0,0.0,0.0,0.0,0.0,0.0,0.0,0.0,0.0,0.0,0.0,0.0,0.0,0.0,0.0,0.0,0.0,0.0,0.0,0.0,0.0,0.0
2000-02-29,0.24,0.26,-0.18,-0.09,0.4,0.06,1.5,0.5,-0.03,0.58,,,,0.51,,,1.18,,0.12,0.2,0.13,0.11,0.17,-0.02,0.43,,2.54,-0.03,0.25,0.28,,-0.2,0.34,0.16
2000-03-31,0.13,0.44,-0.19,0.62,0.44,-0.01,1.84,0.31,0.14,0.88,,-0.91,,1.41,,,2.45,,-0.01,0.43,0.24,0.15,0.18,0.51,0.54,,2.41,0.1,0.15,0.36,,0.04,0.55,0.14
2000-04-30,0.34,0.75,-0.32,0.6,0.67,0.43,2.56,0.49,0.36,1.52,1.55,-0.32,,2.93,,,2.17,,0.2,1.05,0.54,0.39,0.1,0.49,0.77,,3.39,-0.05,0.46,0.77,,0.32,0.66,0.29
2000-05-31,-0.1,0.75,-0.29,0.39,0.59,0.48,2.76,0.22,0.11,1.46,1.08,-0.25,,3.73,,,1.82,,0.3,1.16,0.46,0.1,-0.2,0.33,0.55,,2.33,-0.01,0.44,0.67,,0.39,0.34,0.26
2000-06-30,-0.11,0.51,0.06,-0.23,0.14,0.38,2.02,0.24,0.07,1.07,1.63,0.25,,2.77,,,-0.75,,0.44,0.92,0.54,-0.15,-0.34,-0.03,0.19,-0.45,0.81,-0.03,0.52,0.36,,0.24,-0.37,0.3
2000-07-31,-0.23,0.18,0.25,-0.52,0.05,-0.07,2.44,0.09,-0.25,-0.08,0.43,0.47,,1.42,,,0.07,,0.23,0.29,0.47,-0.28,-0.3,-0.03,0.17,1.8,1.04,0.16,0.21,-0.15,,-0.22,-0.39,0.17
2000-08-31,-0.11,0.24,0.46,0.27,0.11,-0.04,1.36,0.73,0.02,-0.28,-0.24,0.81,,1.01,,,0.05,,0.18,0.23,0.89,0.44,-0.04,0.24,0.45,2.38,1.51,0.58,0.34,-0.07,,0.09,0.14,0.29
2000-09-30,0.02,0.05,0.18,0.41,0.41,-0.24,0.31,0.48,-0.19,-0.22,-0.27,1.78,,1.29,,,0.37,,0.03,0.37,0.81,0.8,0.04,0.21,0.59,2.9,1.1,0.56,0.36,0.19,,0.4,0.83,0.31
2000-10-31,0.43,0.07,0.04,0.73,0.47,-0.28,-0.19,0.81,0.1,0.59,0.25,2.64,,1.33,,,0.96,,0.29,0.92,0.67,1.06,0.24,0.19,0.58,0.99,1.3,0.58,0.69,0.56,,0.8,1.19,0.53
2000-11-30,0.66,-0.01,-0.03,0.63,0.45,0.14,0.41,0.02,0.32,0.49,0.89,2.12,,0.67,,,-0.16,0.36,0.27,0.54,0.4,0.81,0.47,0.26,0.37,0.41,-0.19,0.19,0.5,0.63,,0.7,1.03,0.5
2000-12-31,0.46,-0.01,0.08,0.23,0.57,0.76,0.94,0.17,0.56,0.27,1.21,1.26,,-0.3,,,-0.67,0.6,0.45,0.32,0.54,0.68,0.65,0.46,0.38,0.01,-0.24,0.12,0.52,0.71,,0.38,0.63,0.52
2001-01-31,0.02,0.07,0.18,0.38,0.69,0.86,0.53,-0.05,0.44,0.03,0.87,0.22,,-0.79,,,-1.71,0.8,0.25,-0.42,0.53,0.37,0.76,0.3,0.28,-0.72,-1.18,0.09,0.37,0.56,,0.27,0.25,0.41
2001-02-28,0.03,0.01,0.0,-0.09,0.69,0.25,0.43,0.14,0.2,0.33,0.88,0.22,,-0.71,,,-0.76,0.29,0.23,-0.06,0.48,0.19,0.54,-0.04,0.19,-1.6,-0.65,0.12,0.39,0.41,,0.04,0.07,0.3
2001-03-31,0.2,0.39,-0.09,0.5,0.61,-0.48,1.17,0.31,-0.03,0.51,0.46,0.4,,-0.7,,,1.33,-0.37,0.3,0.03,0.16,0.07,0.37,-0.15,0.06,-1.43,1.07,0.25,0.33,0.34,,0.14,0.23,0.17
2001-04-30,0.17,0.58,-0.15,0.27,0.61,-0.24,1.78,0.87,0.01,0.67,0.44,-0.08,,-0.11,,,2.43,-0.31,0.48,0.62,0.05,0.19,0.12,0.21,0.15,-0.7,2.57,0.5,0.43,0.53,,-0.06,0.41,0.13
2001-05-31,0.15,0.63,0.04,0.16,0.54,-0.18,1.6,0.86,-0.01,0.32,0.11,-0.22,,0.06,,,2.32,0.06,0.59,0.62,-0.27,0.12,-0.0,0.28,0.21,0.11,2.92,0.81,0.49,0.63,,-0.03,0.16,0.21
2001-06-30,0.16,0.46,0.2,-0.2,0.49,-0.11,0.4,0.64,0.3,0.05,0.17,-0.65,,0.39,,,1.28,0.24,0.46,0.57,-0.14,0.17,0.01,-0.13,0.13,0.48,1.81,0.81,0.47,0.4,,-0.07,0.06,0.24
2001-07-31,0.35,0.28,0.39,-0.1,0.51,-0.12,-0.17,0.04,0.35,-0.38,0.01,0.02,,0.11,,,0.19,0.06,0.35,-0.01,-0.05,0.13,0.11,-0.2,0.16,0.8,0.58,0.49,0.32,0.14,,0.04,0.01,0.28
2001-08-31,0.0,0.3,0.32,0.43,0.57,-0.06,-0.91,0.12,0.42,-0.76,-0.98,-0.53,,0.32,,,-0.02,-0.35,0.25,-0.18,0.09,0.1,0.05,-0.1,0.21,0.61,-0.14,0.21,0.21,0.1,,0.47,0.31,0.23
2001-09-30,-0.18,0.11,0.16,0.41,0.54,0.26,-1.23,-0.1,0.22,-0.96,-1.51,-0.8,,0.27,,,-0.62,-0.39,0.26,-0.22,-0.13,-0.0,-0.13,0.11,0.2,0.03,-1.11,0.12,0.01,0.17,,0.85,0.09,0.17
2001-10-31,-0.01,-0.0,-0.05,0.36,0.37,0.23,-1.04,0.08,0.05,-1.02,-1.66,-1.11,,-0.0,1.07,,-0.51,-0.52,0.23,-0.26,-0.21,-0.05,-0.23,0.05,0.13,-0.47,-1.37,0.23,-0.01,0.31,,0.79,0.08,0.14
2001-11-30,0.34,-0.14,0.04,0.16,0.3,0.47,-0.24,-0.11,-0.04,-1.01,-0.94,-0.89,,-0.86,0.73,,-0.77,0.01,0.17,-0.41,-0.17,-0.02,-0.46,-0.04,-0.08,-0.6,-1.84,0.1,-0.01,0.24,,0.45,-0.0,0.09
2001-12-31,0.11,-0.27,-0.08,-0.05,0.18,0.58,-0.25,0.13,-0.14,-0.74,-0.52,-0.5,,-0.91,1.25,,-0.6,0.27,0.02,-0.5,-0.23,-0.17,-0.63,-0.06,-0.06,-0.52,-1.48,0.05,0.03,0.31,,0.22,-0.04,0.06
2002-01-31,-0.09,-0.09,0.06,0.12,0.28,0.67,-0.43,0.26,-0.07,-0.27,-0.39,-0.43,,-0.44,0.68,,-0.36,0.71,0.18,-0.48,-0.15,-0.27,-0.66,-0.39,-0.12,-0.59,-1.36,0.14,0.16,0.24,,0.75,0.06,0.22
2002-02-28,-0.22,-0.1,-0.12,-0.22,0.23,0.21,-0.53,0.13,-0.48,0.34,0.0,-0.06,,-0.4,-0.34,,-0.93,-0.39,0.11,-0.51,-0.18,-0.41,-0.45,-0.56,-0.14,-1.12,-1.24,0.12,0.12,0.14,,0.65,0.04,0.17
2002-03-31,0.01,0.35,-0.05,0.04,0.41,-0.28,1.14,-0.06,-0.46,0.45,0.09,0.25,,0.55,-0.91,,-0.32,-0.63,0.31,-0.37,-0.16,-0.31,-0.15,-0.28,-0.13,-1.21,-0.11,0.15,0.35,0.09,,0.62,0.37,0.19
2002-04-30,0.08,0.39,-0.2,-0.23,0.37,-0.33,1.58,-0.09,-0.52,0.64,-0.1,-0.05,,0.92,-1.71,,-0.26,-0.82,0.08,-0.14,-0.17,-0.2,-0.05,0.16,-0.14,-1.29,0.78,0.04,0.32,0.09,,0.11,0.15,-0.09
2002-05-31,-0.07,0.46,-0.19,-0.27,0.31,-0.59,0.94,0.12,-0.45,0.16,-0.59,-0.35,,1.93,-1.51,,0.3,0.28,0.18,-0.32,-0.34,-0.22,-0.17,0.38,0.02,-0.17,1.21,0.23,0.49,0.07,,-0.13,-0.02,-0.16
2002-06-30,-0.02,0.25,-0.05,-0.42,0.04,-0.36,-0.75,0.28,-0.45,-0.34,-1.21,-0.99,,0.96,-1.41,,-0.87,0.38,0.16,-0.47,-0.17,-0.26,-0.4,0.2,-0.04,0.61,-0.07,0.18,0.32,-0.16,,0.15,-0.17,-0.1
2002-07-31,-0.16,0.09,0.12,-0.37,-0.0,-0.48,-0.78,0.18,-0.69,-1.02,-1.3,-0.77,-0.69,0.44,-0.62,,-1.17,-0.43,0.33,-0.55,-0.19,-0.33,-0.66,0.29,-0.08,0.72,-0.81,0.29,0.27,-0.36,,0.57,-0.03,0.06
2002-08-31,-0.2,0.01,0.07,-0.06,-0.06,-0.13,-0.98,0.4,-0.32,-1.24,-1.97,-1.06,-0.94,0.64,0.04,,-0.67,-0.78,0.2,-0.34,-0.08,-0.41,-0.51,0.37,-0.2,0.36,-0.34,0.0,0.17,-0.34,,0.56,0.25,0.07
2002-09-30,-0.11,-0.03,0.06,0.2,0.06,-0.05,-1.31,0.46,-0.07,-1.04,-1.86,-0.34,-0.8,1.17,0.68,,0.15,-0.82,0.33,-0.19,-0.16,-0.25,-0.35,0.31,-0.09,-1.17,-0.13,0.11,0.34,-0.23,,0.09,0.23,0.15
2002-10-31,0.09,-0.15,-0.12,0.1,-0.03,-0.17,-1.94,0.43,0.12,-0.7,-1.96,-0.15,-0.12,0.93,0.04,,0.06,-0.53,0.26,-0.16,-0.23,-0.18,-0.14,0.0,-0.03,-1.36,-0.41,-0.15,0.29,-0.16,,-0.16,0.14,0.13
2002-11-30,0.32,-0.2,0.01,0.11,0.0,-0.03,-1.0,0.05,0.24,-0.34,-0.91,0.51,-0.03,-0.28,-0.41,,-0.61,-0.43,0.21,-0.12,-0.06,-0.06,0.15,0.07,-0.1,-1.0,-1.33,-0.34,0.02,-0.21,,0.04,-0.08,0.1
2002-12-31,0.09,-0.41,-0.1,-0.21,-0.08,-0.09,-0.57,-0.18,0.01,-0.48,-0.62,0.03,-0.43,-1.7,-0.68,,-1.06,-0.14,-0.05,-0.18,-0.07,-0.14,0.05,0.08,-0.14,0.28,-1.12,-0.63,-0.27,-0.26,,-0.39,-0.27,-0.09
2003-01-31,-0.18,-0.32,0.04,0.05,-0.05,0.0,-0.2,-0.35,0.13,-0.57,0.07,-0.16,-0.6,-2.21,-0.51,,-1.08,0.64,-0.21,-0.27,-0.08,-0.14,0.1,-0.07,-0.06,0.58,-0.8,-0.55,-0.31,-0.3,,-0.58,-0.28,-0.17
2003-02-28,-0.07,-0.22,-0.03,-0.09,0.02,0.11,0.5,-0.13,0.01,-0.03,0.21,0.19,1.12,-1.71,0.12,,-0.1,0.98,-0.01,-0.22,-0.04,0.21,-0.13,-0.36,0.18,-0.24,0.11,-0.17,-0.19,-0.24,,-0.7,-0.1,-0.05
2003-03-31,0.15,0.29,0.02,0.41,0.32,-0.23,1.72,0.03,-0.02,0.5,0.41,0.73,0.72,-0.77,-0.32,,0.69,-0.0,0.01,-0.21,-0.01,0.36,0.08,-0.14,0.3,-0.81,0.6,0.3,-0.04,-0.09,,-0.23,0.24,0.1
2003-04-30,0.13,0.38,-0.18,0.2,0.2,-0.54,1.2,0.23,-0.2,0.31,-0.44,0.3,1.58,0.41,-1.04,,1.67,-0.51,-0.06,0.04,-0.29,0.24,-0.06,0.03,0.12,-1.26,1.31,0.44,-0.06,0.15,,-0.03,0.21,0.12
2003-05-31,0.24,0.45,-0.08,0.04,-0.04,-0.66,0.34,-0.02,-0.22,0.11,-0.73,-0.0,0.63,0.69,-1.66,,1.35,-1.95,-0.09,0.12,-0.63,-0.04,-0.11,-0.1,-0.17,-1.58,1.58,0.57,-0.01,0.34,,-0.04,0.0,0.12
2003-06-30,0.03,0.18,-0.09,-0.27,-0.41,-0.74,-0.3,-0.02,-0.06,-0.24,-0.64,-0.73,0.95,0.73,-1.71,,1.84,-2.02,-0.25,-0.05,-0.72,-0.19,-0.14,-0.66,-0.51,-1.3,1.64,0.26,-0.11,0.3,,-0.1,-0.35,-0.15
2003-07-31,0.26,0.22,0.18,-0.16,-0.27,-0.65,-0.55,-0.11,0.27,0.17,0.26,-0.44,0.66,-0.35,-0.51,,1.71,-1.6,-0.07,-0.31,-0.28,-0.12,-0.1,-0.72,-0.3,0.3,1.4,0.17,-0.12,0.23,,-0.13,-0.34,-0.05
2003-08-31,-0.15,0.14,0.14,0.23,-0.17,-0.78,-1.19,-0.07,0.21,0.1,0.31,-0.36,0.46,-0.9,0.31,,1.42,-0.7,-0.1,-0.35,0.04,-0.04,-0.26,-0.48,-0.15,1.1,0.62,-0.08,-0.26,0.01,,0.24,-0.24,-0.26
2003-09-30,-0.09,-0.05,0.02,0.22,-0.18,-0.14,-0.98,-0.4,-0.07,0.2,0.48,0.19,0.2,-1.13,1.09,,0.16,-0.25,-0.22,-0.08,-0.01,-0.19,-0.35,-0.11,-0.01,0.94,-0.57,-0.1,-0.38,-0.14,,0.5,-0.11,-0.2
2003-10-31,0.01,-0.29,-0.24,0.08,-0.41,0.03,-0.67,-0.54,-0.32,0.08,0.25,0.54,0.31,-0.74,1.32,,-0.23,-0.6,-0.35,0.11,-0.16,-0.32,-0.24,-0.09,-0.12,0.53,-1.09,-0.24,-0.43,-0.29,,0.47,-0.14,-0.34
2003-11-30,0.31,-0.39,-0.25,-0.05,-0.5,0.28,-0.33,-0.84,-0.2,-0.19,0.28,-0.24,-0.56,-1.32,0.37,,-0.33,-0.47,-0.37,-0.05,-0.12,-0.51,0.07,0.02,-0.08,0.87,-1.08,-0.37,-0.29,-0.3,,0.36,-0.16,-0.19
2003-12-31,0.26,-0.4,-0.13,-0.3,-0.49,0.77,-0.66,-0.76,0.02,-0.18,0.3,-0.45,-0.45,-0.68,0.18,,0.33,-0.07,-0.23,-0.15,0.02,-0.41,0.43,0.25,0.24,0.93,-0.16,-0.49,-0.13,-0.16,,0.18,-0.14,-0.14
2004-01-31,0.01,-0.18,0.14,-0.03,-0.15,0.67,-0.43,-0.29,0.09,0.03,0.62,-0.15,-1.45,-0.03,0.67,,0.06,0.19,-0.19,-0.22,0.21,-0.18,0.57,0.26,0.2,0.21,-0.01,-0.12,-0.03,-0.04,,0.2,0.04,0.04
2004-02-29,0.04,0.11,0.26,0.07,0.39,0.74,-0.06,0.57,0.25,0.66,1.59,1.66,-0.35,0.93,1.44,,0.58,0.51,-0.03,0.25,0.38,0.13,0.64,0.15,0.4,-0.01,0.49,0.17,0.1,0.21,,0.04,0.17,0.23
2004-03-31,0.23,0.58,0.28,0.64,0.54,0.38,0.8,0.57,0.46,0.97,1.78,2.24,-0.73,0.05,1.64,0.4,0.3,1.98,0.09,0.5,0.53,0.42,0.36,0.24,0.23,-0.01,0.67,0.27,0.06,0.33,,0.14,0.29,0.35
2004-04-30,0.34,0.75,0.11,0.57,0.43,0.83,2.1,0.53,0.75,1.26,1.78,2.0,-0.64,0.04,0.84,-0.99,0.29,1.28,0.19,1.01,0.88,0.51,0.27,0.49,0.49,-0.86,0.87,0.15,0.09,0.43,,-0.04,0.26,0.1
2004-05-31,0.21,0.65,0.1,0.27,0.16,0.68,3.03,0.19,0.95,1.16,0.95,1.31,-0.43,0.2,0.46,-0.22,-0.04,1.81,0.13,1.03,0.83,0.69,0.03,0.51,0.36,-1.14,0.59,-0.18,0.06,0.25,,-0.02,0.08,-0.13
2004-06-30,0.37,0.5,0.17,0.01,0.18,0.42,2.46,0.25,0.97,1.05,0.53,0.88,0.04,0.52,0.1,-0.45,-0.2,0.54,0.14,0.97,0.96,0.52,0.13,0.22,0.35,-0.72,-0.25,0.21,0.16,-0.02,,-0.11,0.13,-0.1
2004-07-31,0.45,0.35,0.46,0.12,0.17,0.22,1.56,0.05,0.91,0.83,0.24,1.0,0.12,0.48,0.12,0.73,0.32,1.68,0.29,0.71,0.76,0.72,0.26,0.19,0.43,-0.03,-0.39,0.37,0.33,-0.19,,-0.1,0.39,0.1
2004-08-31,0.48,0.49,0.45,0.56,0.25,0.23,-0.18,0.39,0.78,0.66,-0.01,0.93,-0.64,0.69,0.63,-0.46,0.73,0.76,0.4,0.47,0.55,0.81,0.67,0.46,0.5,0.33,-0.27,0.61,0.36,-0.1,,0.01,0.81,0.3
2004-09-30,0.3,0.44,0.61,0.68,0.26,0.18,-0.36,0.63,0.64,0.7,0.22,1.34,-0.37,1.44,0.94,-0.27,0.94,0.46,0.84,0.51,0.38,1.0,0.79,0.6,0.59,0.2,0.09,0.25,0.51,0.17,,0.38,0.86,0.37
2004-10-31,0.26,0.29,0.38,0.55,0.17,-0.03,-0.34,0.65,0.47,0.68,0.32,1.52,0.15,1.48,1.35,-0.2,0.22,-0.38,0.7,0.55,0.15,0.79,0.59,0.4,0.36,0.63,-0.23,-0.06,0.24,0.27,,0.56,0.69,0.41
2004-11-30,0.2,0.12,0.47,0.44,0.1,0.02,0.42,0.28,0.38,0.36,0.6,1.16,0.1,0.72,1.06,0.43,-0.43,-0.07,0.54,0.5,0.25,0.5,0.3,0.25,0.22,0.85,-0.76,0.22,0.13,0.31,,0.5,0.42,0.3
2004-12-31,-0.05,0.05,0.37,0.16,0.34,0.35,0.42,0.4,0.43,0.08,0.46,0.81,-0.93,0.17,1.13,-0.09,-0.75,0.44,0.21,0.47,0.28,0.39,0.06,0.09,0.11,0.76,-0.65,0.39,0.02,0.29,,0.16,0.23,0.27
2005-01-31,-0.34,0.06,0.28,0.11,0.41,0.23,0.17,0.11,0.3,-0.13,0.3,0.09,-1.48,-0.51,0.23,-0.32,-0.54,0.83,0.11,0.25,0.25,0.23,-0.03,-0.14,0.0,0.33,-0.72,0.41,0.12,0.13,,0.12,-0.01,0.09
2005-02-28,-0.36,-0.01,0.03,-0.27,0.25,-0.06,0.65,0.03,0.16,0.25,0.28,-0.28,-1.15,-0.87,-0.31,-0.47,-0.05,0.69,-0.01,0.34,0.24,0.18,-0.16,-0.34,-0.05,-0.32,-0.05,0.14,0.14,0.09,,0.36,-0.01,0.03
2005-03-31,-0.39,0.03,-0.16,-0.01,-0.02,-0.67,1.34,-0.32,-0.01,0.42,0.19,-0.4,0.64,-0.79,-1.11,0.27,0.59,0.12,-0.22,0.31,0.27,0.17,0.05,-0.23,-0.08,-0.32,-0.01,0.0,0.1,-0.02,,0.83,0.1,-0.17
2005-04-30,-0.2,0.13,-0.19,-0.13,-0.12,-0.41,1.54,-0.09,0.11,0.84,0.42,-0.13,1.82,0.08,-0.61,1.21,0.9,0.65,-0.15,0.69,0.3,0.28,0.25,0.13,0.07,0.14,0.95,-0.19,0.17,0.19,,0.9,0.13,-0.15
2005-05-31,-0.04,0.22,-0.18,-0.04,-0.02,-0.27,1.13,0.11,0.14,0.82,0.54,0.58,2.19,0.75,-0.48,1.07,0.46,0.85,0.05,0.73,0.32,0.31,0.56,0.27,0.18,0.63,1.14,-0.02,0.15,0.23,,0.71,0.26,-0.09
2005-06-30,0.57,0.28,0.11,-0.12,0.05,0.26,0.73,0.57,0.31,0.9,0.64,0.58,1.54,1.12,0.19,1.21,0.49,1.05,0.55,0.8,0.53,0.37,0.67,0.24,0.4,0.69,1.76,0.05,0.33,0.47,,0.18,0.39,-0.03
2005-07-31,0.56,0.11,0.19,0.08,0.23,0.21,0.96,0.64,0.46,0.59,0.39,0.82,0.3,0.98,0.33,0.3,0.38,0.11,0.62,0.6,0.8,0.48,0.71,0.42,0.42,0.81,2.01,0.43,0.13,0.5,,0.09,0.32,0.04
2005-08-31,0.47,-0.01,0.25,0.42,0.16,0.18,0.44,0.41,0.87,0.22,-0.36,0.12,-0.84,0.87,0.62,0.41,0.57,-0.22,0.59,0.62,0.92,0.66,0.64,0.44,0.42,0.37,1.33,0.41,0.24,0.48,,0.26,-0.01,0.06
2005-09-30,0.38,-0.12,-0.0,0.49,0.28,0.2,0.31,0.71,1.03,0.22,-0.41,0.27,-0.75,1.18,0.67,-0.11,0.29,-0.28,0.28,0.71,0.82,0.68,0.52,0.55,0.45,0.24,0.47,0.57,0.18,0.36,,0.4,-0.28,0.0
2005-10-31,0.47,-0.11,-0.1,0.37,0.22,0.05,-0.18,0.71,1.01,0.34,-0.01,0.32,-0.2,1.16,0.73,-0.06,0.19,-0.15,0.28,0.68,0.64,0.63,0.46,0.38,0.47,0.02,-0.59,0.5,0.3,0.28,,0.27,-0.26,-0.14
2005-11-30,0.53,0.0,-0.05,0.31,0.29,0.2,0.21,0.69,0.64,0.36,0.62,0.56,0.18,1.53,0.85,0.34,0.19,0.21,0.35,0.61,0.43,0.52,0.49,0.55,0.5,0.39,-0.63,0.22,0.2,0.35,,0.31,-0.07,-0.14
2005-12-31,0.38,0.08,0.09,0.33,0.18,0.23,0.48,0.08,0.58,0.32,0.87,0.72,0.14,0.88,1.15,0.63,0.31,0.38,0.54,0.55,0.27,0.58,0.56,0.54,0.49,0.53,-0.37,0.09,0.28,0.46,,0.28,0.01,-0.01
2006-01-31,0.16,0.24,0.18,0.39,0.18,0.26,0.74,-0.11,0.46,0.28,0.9,0.52,-0.23,0.61,1.0,0.97,0.5,0.52,0.6,0.48,0.16,0.5,0.63,0.45,0.49,0.35,-0.29,0.06,0.37,0.4,,0.35,0.06,0.16
2006-02-28,0.15,0.12,0.14,0.16,0.31,0.22,0.98,0.06,0.49,0.51,0.82,0.61,-0.14,0.1,0.85,0.46,0.43,0.18,0.63,0.28,0.16,0.49,0.68,0.26,0.42,0.03,-0.08,0.11,0.39,0.16,,0.21,0.05,0.26
2006-03-31,0.09,-0.15,-0.1,0.12,0.29,-0.09,1.09,0.12,0.23,0.41,0.57,0.62,-0.38,0.17,0.19,0.23,0.4,-0.02,0.47,0.09,-0.01,0.28,0.43,0.08,0.24,-0.19,0.12,-0.12,0.27,-0.29,,0.2,-0.0,0.18
2006-04-30,0.1,-0.28,-0.12,0.04,0.16,-0.11,1.2,0.2,0.27,0.37,0.07,0.45,0.07,0.61,-0.13,0.21,0.66,0.21,0.25,0.2,0.13,0.27,0.14,0.1,-0.0,0.11,0.82,0.13,0.24,-0.27,,0.15,0.05,0.19
2006-05-31,0.14,-0.33,-0.05,0.04,0.1,-0.15,1.18,0.23,0.14,0.2,0.02,0.89,0.98,1.08,-0.39,0.6,0.92,0.69,0.01,0.38,0.13,0.19,-0.11,0.18,0.0,0.43,1.26,0.41,0.25,-0.3,,0.07,-0.06,0.06
2006-06-30,0.33,-0.02,0.31,0.14,0.1,0.21,0.71,0.36,0.49,0.26,0.13,0.96,1.07,1.3,-0.48,0.79,1.36,0.79,-0.16,0.4,0.49,0.42,0.07,0.18,0.11,1.01,1.31,0.62,0.27,-0.06,,-0.04,0.14,0.12
2006-07-31,0.48,0.27,0.57,0.39,0.23,0.42,0.38,0.23,0.57,0.13,0.29,1.29,0.92,0.93,-0.34,0.59,0.95,0.5,-0.17,0.5,0.51,0.5,0.17,0.27,0.5,1.21,0.83,0.16,0.29,-0.08,,-0.02,0.33,0.04
2006-08-31,0.51,0.48,0.73,0.49,0.19,0.6,-0.04,0.32,0.69,0.18,-0.08,0.77,0.66,0.47,0.18,0.9,0.89,0.5,-0.14,0.68,0.58,0.69,0.36,0.32,0.74,1.2,0.42,-0.01,0.44,0.24,,0.18,0.55,0.21
2006-09-30,0.4,0.57,0.74,0.44,0.34,0.91,0.05,0.33,0.61,0.2,-0.11,0.55,0.48,0.22,0.79,0.86,0.67,0.67,-0.02,0.97,0.54,0.69,0.34,0.42,0.87,0.7,0.19,0.3,0.56,0.48,,0.4,0.71,0.55
2006-10-31,0.4,0.4,0.46,0.15,0.32,0.76,0.05,0.46,0.32,0.19,0.05,0.6,0.48,-0.03,1.23,1.06,0.75,0.53,0.1,0.97,0.42,0.63,0.43,0.49,0.74,0.35,0.26,0.56,0.46,0.55,,0.51,0.55,0.73
2006-11-30,0.46,0.38,0.36,0.11,0.29,0.74,0.01,0.31,0.44,0.21,0.64,0.8,0.15,0.0,1.07,0.62,0.38,0.05,0.13,0.75,0.41,0.54,0.43,0.56,0.62,0.25,0.13,0.6,0.3,0.35,,0.42,0.63,0.73
2006-12-31,0.53,0.29,0.3,0.08,0.22,0.55,0.25,0.38,0.35,0.19,0.87,0.8,0.3,-0.03,0.95,0.45,0.3,-0.08,0.2,0.57,0.33,0.54,0.49,0.64,0.57,0.45,0.47,0.43,0.21,0.2,,0.35,0.4,0.63
2007-01-31,0.47,0.38,0.38,0.29,0.26,0.62,0.35,0.55,0.4,0.41,0.98,0.76,0.29,0.2,0.71,0.4,0.12,0.25,0.16,0.47,0.31,0.48,0.48,0.57,0.57,0.41,0.31,0.46,0.25,0.25,,0.38,0.39,0.58
2007-02-28,0.28,0.32,0.22,0.33,0.24,0.34,0.48,0.55,0.09,0.57,0.86,0.52,0.4,-0.17,0.35,0.27,0.33,0.38,0.12,0.43,0.17,0.45,0.22,0.37,0.34,0.12,0.23,0.46,0.13,0.28,,0.35,0.09,0.36
2007-03-31,0.12,0.35,0.12,0.37,0.32,0.05,0.26,0.54,-0.12,0.49,0.52,0.31,0.56,-0.36,-0.15,0.27,0.33,0.15,0.03,0.17,-0.08,0.33,0.07,0.08,0.18,0.07,0.31,0.43,0.04,0.23,,0.21,0.07,0.14
2007-04-30,0.15,0.28,0.29,0.39,0.46,0.23,0.37,0.7,-0.04,0.64,0.47,-0.01,1.02,-0.33,-0.23,0.39,0.66,0.17,0.2,0.0,-0.11,0.5,0.29,0.1,0.16,0.27,0.75,0.54,-0.0,0.36,,0.14,0.23,0.31
2007-05-31,0.38,0.42,0.61,0.42,0.65,0.47,0.3,0.81,0.16,0.5,0.45,0.23,0.91,-0.13,-0.17,0.36,0.9,0.17,0.47,0.06,0.0,0.56,0.65,0.25,0.21,0.48,1.1,0.69,0.17,0.36,,0.07,0.42,0.56
2007-06-30,0.41,0.37,0.72,0.29,0.56,0.6,0.32,0.85,0.44,0.52,0.25,0.45,0.58,0.13,0.34,0.3,0.99,0.34,0.71,0.15,-0.05,0.5,0.77,0.53,0.24,0.36,1.0,0.71,0.34,0.41,,0.08,0.4,0.77
2007-07-31,0.53,0.49,0.71,0.2,0.58,0.51,0.15,0.89,0.37,0.27,-0.21,0.51,-0.03,0.1,0.36,0.33,0.86,0.4,1.01,0.14,0.03,0.32,0.94,0.51,0.26,0.31,1.1,0.48,0.6,0.34,,-0.02,0.37,0.92
2007-08-31,0.5,0.48,0.6,0.36,0.49,0.46,0.04,0.68,0.37,0.25,-0.43,0.42,0.12,0.31,0.53,0.74,0.52,0.66,1.08,0.15,0.02,0.38,0.82,0.34,0.28,0.15,1.48,0.41,0.66,0.34,,0.02,0.45,0.93
2007-09-30,0.6,0.57,0.7,0.54,0.62,0.45,-0.05,0.43,0.21,0.11,-0.17,0.18,0.18,-0.03,0.15,0.77,0.08,0.79,1.06,0.18,0.22,0.48,0.88,0.27,0.28,0.25,1.27,0.35,0.66,0.31,-0.41,0.03,0.55,0.82
2007-10-31,0.45,0.58,0.74,0.66,0.58,0.5,0.09,0.51,0.4,0.1,0.28,0.31,0.03,0.28,0.21,0.46,0.2,0.67,0.72,0.28,0.21,0.63,0.55,0.22,0.31,0.35,0.83,0.48,0.53,0.28,-0.12,0.09,0.55,0.54
2007-11-30,0.32,0.56,0.74,0.57,0.66,0.47,0.31,0.94,0.34,0.03,0.44,0.22,-0.22,0.35,0.39,0.26,0.19,0.48,0.48,0.49,0.32,0.52,0.51,0.24,0.4,0.56,0.56,0.44,0.4,0.22,-0.23,0.17,0.53,0.47
2007-12-31,0.27,0.4,0.64,0.38,0.54,0.39,0.55,0.95,0.15,-0.05,0.5,0.43,-0.23,0.37,0.68,0.36,0.29,0.48,0.4,0.38,0.22,0.32,0.56,0.28,0.5,0.51,0.25,0.44,0.39,0.11,0.11,0.34,0.58,0.4
2008-01-31,0.18,0.15,0.37,0.12,0.43,0.1,0.31,0.49,-0.19,-0.13,0.29,0.13,-0.37,-0.43,0.52,0.28,-0.07,0.29,0.22,0.28,0.1,0.04,0.5,0.27,0.38,0.52,-0.08,0.11,0.22,-0.14,0.1,0.46,0.27,0.26
2008-02-29,0.08,-0.02,0.1,-0.02,0.04,-0.03,0.11,0.0,-0.26,-0.04,0.25,-0.08,-0.49,-0.52,0.23,-0.0,0.01,-0.01,-0.04,0.06,0.09,-0.08,0.5,0.34,0.38,0.53,-0.45,-0.25,0.06,-0.24,-0.06,0.36,0.02,0.12
2008-03-31,0.1,0.12,0.03,0.15,-0.17,-0.01,0.11,0.15,-0.12,0.09,0.49,0.19,-0.21,-0.44,0.3,-0.04,0.24,-0.1,-0.13,0.24,0.27,-0.08,0.34,0.15,0.44,0.78,0.09,-0.31,-0.06,-0.11,-0.23,0.22,0.02,0.23
2008-04-30,0.1,0.18,0.04,0.33,-0.29,0.02,0.35,0.11,0.03,0.2,0.48,0.44,0.55,-0.51,0.39,0.14,0.51,0.14,-0.11,0.23,0.28,-0.18,0.23,0.23,0.57,0.74,0.57,-0.14,-0.1,-0.05,-0.39,0.11,0.21,0.2
2008-05-31,0.05,0.2,0.03,0.43,-0.34,0.12,0.61,-0.12,0.01,0.27,0.55,0.79,0.92,-0.98,0.41,0.25,0.7,0.42,-0.1,0.35,0.23,-0.31,-0.0,0.34,0.56,0.79,1.09,-0.0,-0.13,0.08,-0.23,0.18,0.25,0.16
2008-06-30,-0.23,-0.14,-0.26,0.27,-0.49,-0.08,0.39,-0.46,-0.22,0.27,0.1,0.34,0.56,-1.45,0.18,0.28,0.4,0.26,-0.48,0.09,0.05,-0.57,-0.28,0.18,0.16,0.26,0.86,-0.22,-0.49,-0.21,-0.22,-0.1,0.01,-0.15
2008-07-31,-0.35,-0.19,-0.32,0.2,-0.45,-0.15,0.16,-0.52,-0.33,0.22,0.06,0.29,-0.19,-0.93,-0.0,-0.01,0.16,-0.27,-0.66,0.19,0.15,-0.59,-0.32,0.15,0.02,-0.12,0.73,0.24,-0.42,-0.06,-0.03,-0.16,-0.02,-0.17
2008-08-31,-0.4,-0.33,-0.37,-0.03,-0.4,-0.49,-0.33,-0.44,-0.64,0.02,-0.11,-0.19,-0.7,-0.79,-0.26,-0.27,-0.2,-0.38,-0.8,-0.18,-0.11,-0.7,-0.29,-0.05,-0.19,-0.45,0.09,0.4,-0.36,-0.08,-0.17,-0.3,-0.04,-0.18
2008-09-30,-0.23,-0.17,-0.17,-0.14,-0.34,-0.52,-0.58,-0.99,-0.46,-0.23,-0.63,-0.87,-1.35,-1.28,-1.0,-0.82,0.02,-0.77,-0.71,-0.23,-0.5,-0.77,-0.18,0.23,-0.15,-0.79,-0.53,0.35,-0.25,0.21,-0.32,-0.25,0.1,-0.07
2008-10-31,-0.16,-0.28,-0.25,-0.35,-0.33,-0.62,-0.67,-1.25,-0.52,-0.29,-0.89,-1.27,-1.44,-1.76,-1.2,-1.05,-0.16,-0.66,-0.77,-0.37,-0.8,-0.81,-0.15,0.12,-0.31,-0.84,-0.98,-0.35,-0.37,-0.04,-0.39,-0.22,-0.05,-0.27
2008-11-30,-0.51,-0.58,-0.67,-0.78,-0.54,-0.83,-0.96,-1.5,-0.61,-0.67,-1.4,-1.5,-1.25,-1.73,-1.57,-1.37,-0.44,-1.18,-0.97,-0.64,-1.09,-1.08,-0.59,-0.26,-0.7,-1.21,-1.29,-1.05,-0.79,-0.53,-0.45,-0.31,-0.41,-0.7
2008-12-31,-0.64,-0.66,-0.8,-0.84,-0.5,-0.76,-0.85,-1.01,-0.66,-0.44,-0.78,-1.11,-0.43,-0.61,-1.09,-0.86,-0.64,-0.98,-1.03,-0.51,-0.79,-0.92,-0.72,-0.47,-0.69,-0.93,-0.66,-0.98,-0.8,-0.79,-0.32,-0.16,-0.51,-0.77
2009-01-31,-0.6,-0.5,-0.63,-0.82,-0.48,-0.74,-0.79,-0.96,-0.55,-0.45,-0.52,-1.02,-0.24,-0.61,-1.08,-0.55,-0.55,-0.88,-0.92,-0.6,-0.66,-0.76,-0.78,-0.58,-0.63,-0.53,-0.25,-0.9,-0.63,-0.76,-0.59,-0.37,-0.48,-0.63
2009-02-28,-0.29,-0.13,-0.24,-0.42,-0.27,-0.42,-0.54,-0.82,-0.29,-0.14,-0.24,-1.08,-0.63,-0.81,-0.88,-0.29,-0.44,-0.51,-0.59,-0.42,-0.47,-0.42,-0.55,-0.38,-0.36,0.0,0.2,-0.7,-0.35,-0.61,-0.54,-0.29,-0.26,-0.33
2009-03-31,-0.31,-0.14,-0.27,-0.32,-0.3,-0.5,-0.72,-0.59,-0.41,-0.34,-0.45,-0.96,-0.84,-0.94,-0.82,-0.33,-0.75,-0.37,-0.46,-0.52,-0.6,-0.35,-0.45,-0.41,-0.46,0.06,-0.36,-0.8,-0.23,-0.57,-0.53,-0.35,-0.31,-0.33
2009-04-30,-0.32,-0.17,-0.33,-0.17,-0.33,-0.51,-0.74,-0.38,-0.52,-0.3,-0.48,-0.49,-0.61,-0.16,-0.45,-0.11,-0.77,-0.36,-0.45,-0.58,-0.64,-0.39,-0.48,-0.38,-0.48,-0.17,-0.42,-1.01,-0.29,-0.49,-0.4,-0.31,-0.24,-0.24
2009-05-31,-0.27,-0.12,-0.21,0.02,-0.11,-0.45,-0.59,-0.01,-0.36,-0.14,-0.22,0.21,0.06,-0.04,0.07,0.27,-0.43,-0.1,-0.34,-0.52,-0.29,-0.27,-0.35,-0.17,-0.31,-0.06,-0.35,-0.68,-0.01,-0.22,-0.37,-0.36,-0.09,-0.09
2009-06-30,-0.18,-0.04,-0.09,0.12,-0.23,-0.31,-0.4,-0.21,-0.34,-0.11,0.02,0.49,0.57,-0.16,0.5,0.31,0.01,-0.07,-0.2,-0.65,-0.21,-0.26,-0.39,-0.05,-0.18,0.12,0.22,-0.42,0.13,-0.08,-0.01,-0.07,0.0,-0.03
2009-07-31,-0.24,-0.03,-0.04,0.03,-0.14,-0.26,-0.4,-0.14,-0.24,-0.26,-0.01,-0.12,0.63,-0.76,0.48,-0.05,0.08,-0.22,-0.06,-0.71,-0.28,-0.27,-0.38,-0.02,-0.26,0.24,0.02,-0.23,0.16,-0.11,0.22,-0.01,-0.14,-0.14
2009-08-31,-0.29,-0.11,-0.09,-0.01,-0.19,-0.3,-0.16,-0.57,-0.37,-0.38,-0.71,-1.48,0.53,-0.62,-0.07,-0.31,0.18,-0.28,-0.21,-0.67,-0.22,-0.36,-0.63,0.08,-0.39,-0.0,0.07,-0.24,-0.05,-0.34,0.5,0.53,0.01,-0.21
2009-09-30,-0.5,-0.18,-0.16,0.01,0.03,-0.37,-0.11,-0.68,-0.38,-0.49,-1.07,-2.05,0.18,-0.52,-0.63,-0.59,-0.06,-0.3,-0.34,-0.68,-0.18,-0.39,-0.81,-0.04,-0.45,-0.24,-0.12,-0.34,-0.11,-0.37,0.3,0.52,0.0,-0.22
2009-10-31,-0.47,-0.14,-0.13,0.19,-0.25,-0.3,-0.01,-0.77,-0.43,-0.37,-1.11,-1.9,0.06,-0.18,-0.9,-0.28,0.09,0.01,-0.27,-0.45,-0.0,-0.32,-0.76,0.03,-0.31,-0.46,0.19,0.02,-0.02,-0.11,0.06,0.51,0.16,-0.11
2009-11-30,-0.1,0.27,0.22,0.45,-0.1,0.08,-0.02,-0.4,-0.12,-0.2,-0.32,-0.52,0.25,-0.33,-0.25,0.15,0.1,0.0,0.17,-0.17,-0.01,0.03,-0.22,0.11,0.12,-0.2,0.23,0.17,0.47,0.52,-0.15,0.09,0.28,0.25
2009-12-31,0.12,0.38,0.32,0.41,0.03,0.16,0.17,-0.27,0.05,-0.01,-0.16,-0.18,0.21,-0.53,0.04,0.21,0.15,-0.03,0.38,0.04,-0.09,0.16,0.05,0.21,0.16,-0.05,0.12,0.13,0.54,0.58,-0.24,-0.09,0.25,0.31
2010-01-31,-0.11,0.06,0.12,0.06,-0.04,-0.01,-0.23,-0.43,-0.13,-0.11,-0.35,-0.24,-0.28,-0.99,-0.02,-0.09,-0.22,-0.39,0.06,0.06,-0.37,-0.13,-0.1,-0.0,-0.03,-0.15,-0.3,-0.22,0.32,0.3,-0.13,0.01,-0.03,0.06
2010-02-28,-0.1,-0.07,0.07,-0.01,-0.2,-0.14,-0.51,-0.39,-0.2,-0.23,-0.45,-0.34,-0.63,-0.38,-0.28,-0.32,-0.34,-0.29,-0.18,-0.07,-0.66,-0.38,-0.12,-0.04,-0.13,-0.14,-0.44,-0.34,0.09,0.14,0.02,0.3,-0.1,0.02
2010-03-31,0.03,-0.02,0.21,0.15,-0.37,-0.03,-0.54,-0.1,-0.08,0.12,-0.32,-0.09,-0.55,0.31,-0.2,-0.2,-0.41,-0.25,-0.36,0.19,-0.29,-0.42,-0.01,-0.01,0.05,-0.06,-0.47,-0.16,0.04,0.3,0.02,0.36,0.06,0.1
2010-04-30,0.3,0.23,0.38,0.42,-0.25,0.32,-0.21,0.08,0.23,0.26,-0.08,0.05,-0.09,0.89,0.01,0.03,-0.1,0.02,-0.14,0.28,-0.02,-0.02,0.24,0.28,0.23,0.13,-0.11,-0.21,0.13,0.39,0.17,0.49,0.36,0.36
2010-05-31,0.31,0.25,0.35,0.36,0.09,0.41,0.15,0.18,0.42,0.5,0.33,0.26,0.49,1.1,0.06,0.35,0.09,0.07,-0.02,0.56,0.35,0.29,0.34,0.39,0.26,0.23,0.2,0.16,0.13,0.29,0.24,0.49,0.44,0.37
2010-06-30,0.04,0.03,0.11,0.07,0.08,0.25,0.21,0.08,0.35,0.09,0.14,0.27,0.43,0.9,-0.1,0.19,0.16,-0.12,-0.09,0.27,0.24,0.3,0.17,0.35,0.08,-0.04,0.41,-0.03,-0.11,-0.15,0.49,0.45,0.22,0.17
2010-07-31,-0.09,-0.2,-0.12,-0.21,-0.15,-0.1,0.28,0.01,0.25,-0.25,-0.01,0.4,-0.11,0.7,-0.28,0.04,-0.42,-0.49,-0.37,0.02,-0.01,0.05,-0.09,0.01,-0.09,-0.21,-0.12,-0.29,-0.36,-0.53,0.24,-0.13,-0.04,-0.16
2010-08-31,-0.34,-0.48,-0.39,-0.44,-0.76,-0.41,-0.06,-0.28,0.02,-0.51,-0.55,0.37,-0.52,0.18,-0.45,-0.16,-0.73,-0.9,-0.52,-0.46,-0.32,-0.24,-0.41,-0.42,-0.3,-0.56,-0.49,-0.65,-0.38,-0.6,-0.13,-0.55,-0.42,-0.42
2010-09-30,-0.35,-0.45,-0.43,-0.54,-1.12,-0.4,-0.16,-0.73,0.08,-0.57,-0.64,0.59,-1.53,-0.35,-0.75,-0.37,-1.0,-0.95,-0.6,-0.55,-0.73,-0.43,-0.66,-0.52,-0.22,-0.51,-0.84,-0.9,-0.43,-0.6,-0.62,-0.71,-0.49,-0.41
2010-10-31,-0.33,-0.41,-0.4,-0.45,-1.37,-0.32,-0.14,-1.11,0.11,-0.31,-0.6,0.6,-1.56,-0.91,-0.72,-0.65,-0.91,-0.81,-0.6,-0.53,-0.72,-0.5,-0.57,-0.48,-0.19,-0.52,-0.6,-0.98,-0.5,-0.57,-0.73,-0.69,-0.5,-0.37
2010-11-30,-0.26,-0.43,-0.46,-0.54,-1.06,-0.32,-0.12,-1.37,-0.07,-0.36,-0.58,0.46,-1.72,-0.84,-0.77,-0.82,-0.9,-0.72,-0.77,-0.61,-0.84,-0.54,-0.55,-0.37,-0.2,-0.66,-0.65,-1.25,-0.83,-0.85,-0.59,-0.67,-0.52,-0.48
2010-12-31,-0.11,-0.35,-0.37,-0.43,-0.81,-0.37,-0.11,-1.07,-0.22,-0.24,-0.31,0.05,-0.81,-0.4,-0.53,-0.7,-0.74,-0.5,-0.73,-0.61,-0.51,-0.34,-0.27,-0.44,-0.24,-0.7,-0.39,-1.17,-0.75,-0.64,-0.57,-0.82,-0.57,-0.49
2011-01-31,0.11,-0.19,-0.19,-0.33,-0.46,-0.17,-0.1,-0.68,-0.17,-0.11,-0.13,-0.08,-0.28,0.47,-0.36,-0.31,-0.31,-0.38,-0.61,-0.48,-0.29,-0.06,-0.16,-0.33,-0.18,-0.65,-0.37,-1.19,-0.56,-0.16,-0.55,-0.56,-0.41,-0.35
2011-02-28,0.14,-0.11,-0.05,-0.23,-0.85,-0.08,-0.08,-0.44,-0.04,-0.07,-0.02,-0.27,-0.42,0.23,-0.24,-0.65,-0.39,-0.33,-0.4,-0.28,-0.22,-0.01,-0.14,-0.33,-0.23,-0.5,-0.44,-1.32,-0.26,0.05,-0.9,-0.75,-0.26,-0.29
2011-03-31,0.22,-0.18,-0.07,-0.2,-0.87,-0.01,-0.22,-0.45,0.08,0.0,0.05,-0.13,-0.11,-0.29,0.01,-0.32,-0.14,-0.2,-0.22,-0.17,-0.27,0.1,0.05,-0.12,-0.24,-0.11,-0.31,-1.18,-0.22,0.06,-0.45,-0.39,-0.05,-0.28
2011-04-30,0.22,-0.17,0.11,-0.17,-0.78,0.02,-0.11,-0.61,0.35,0.14,0.31,0.22,-0.1,-0.75,0.17,-0.18,0.09,0.26,-0.04,0.14,-0.01,0.31,0.38,0.2,-0.11,0.51,-0.15,-0.79,-0.1,0.04,0.06,-0.1,0.07,-0.21
2011-05-31,0.06,-0.25,0.09,-0.11,-0.73,-0.12,-0.06,-0.47,0.3,0.2,0.34,0.35,0.16,-0.84,0.21,0.21,-0.0,0.4,-0.34,0.15,0.14,0.25,0.36,0.27,-0.07,0.87,-0.19,-0.32,-0.36,-0.11,0.46,0.06,-0.25,-0.27
2011-06-30,-0.03,-0.29,0.14,-0.13,-0.45,-0.05,0.04,-0.16,0.38,0.42,0.36,0.24,-0.01,-0.22,0.13,0.02,-0.41,0.44,-0.56,0.36,0.41,0.25,0.15,0.13,0.04,0.76,-0.3,-0.57,-0.51,-0.23,-0.03,-0.42,-0.38,-0.25
2011-07-31,-0.2,-0.47,-0.05,-0.23,-0.29,-0.07,-0.06,0.17,0.13,0.28,0.28,0.08,0.18,0.07,-0.03,-0.22,-0.8,0.09,-0.64,0.13,0.19,0.06,-0.1,-0.03,-0.08,0.3,-0.59,-0.35,-0.72,-0.45,0.04,-0.36,-0.51,-0.37
2011-08-31,0.07,-0.18,0.21,0.07,0.26,0.31,0.06,0.15,0.36,0.43,0.54,0.26,0.27,-0.05,-0.3,0.24,-0.3,0.11,-0.14,0.37,0.25,0.21,0.26,-0.1,0.18,0.06,-0.05,0.04,-0.26,0.24,0.08,-0.15,0.04,-0.05
2011-09-30,0.03,-0.15,0.17,0.09,-0.01,0.2,0.05,-0.1,0.18,0.21,0.54,0.35,0.44,-0.4,-0.2,0.5,-0.06,0.19,-0.04,0.23,-0.01,0.11,0.37,-0.13,0.11,0.07,0.26,0.54,-0.1,0.17,0.45,0.18,0.01,-0.13
2011-10-31,-0.01,-0.19,0.0,-0.05,0.18,-0.03,-0.11,0.16,-0.01,0.1,0.27,0.04,0.34,-0.82,-0.26,0.3,0.07,0.0,-0.22,0.12,-0.25,-0.0,0.16,-0.32,0.02,-0.05,0.64,0.24,-0.03,-0.02,0.3,-0.0,-0.18,-0.29
2011-11-30,-0.03,-0.22,-0.15,-0.17,-0.2,-0.05,0.04,0.15,-0.07,0.15,0.2,0.19,0.31,-0.76,0.37,0.19,-0.11,-0.01,-0.51,0.12,-0.19,0.02,-0.12,-0.26,-0.08,0.08,0.41,-0.2,-0.25,-0.37,0.07,-0.24,-0.38,-0.6
2011-12-31,0.11,-0.19,-0.06,-0.15,-0.4,0.04,0.28,0.19,-0.01,0.21,0.13,0.12,0.17,-0.73,0.33,0.11,0.02,-0.25,-0.49,0.1,-0.14,0.12,-0.17,-0.18,-0.11,0.12,0.14,-0.33,-0.16,-0.28,0.17,0.03,-0.25,-0.56
2012-01-31,0.44,0.05,0.29,0.15,-0.63,0.39,0.5,-0.46,0.29,0.35,0.07,0.47,0.05,-0.31,0.33,0.38,0.31,-0.15,-0.1,0.26,0.18,0.26,0.24,0.05,0.18,0.23,0.08,-0.29,0.09,-0.17,0.29,0.26,0.13,-0.18
2012-02-29,0.54,-0.04,0.37,0.07,-0.19,0.42,0.71,-0.36,0.42,0.54,0.08,0.57,0.58,0.18,0.43,0.23,0.55,-0.01,0.21,0.39,0.29,0.41,0.53,0.19,0.4,0.42,-0.0,0.07,0.25,-0.1,0.46,0.38,0.18,0.02
2012-03-31,0.79,0.07,0.52,0.25,0.62,0.6,0.99,-0.17,0.69,1.0,0.35,0.98,1.27,0.61,0.8,0.52,0.8,0.22,0.53,0.68,0.54,0.62,0.81,0.44,0.75,0.72,0.13,0.4,0.47,0.28,0.28,0.14,0.36,0.24
2012-04-30,0.91,0.24,0.61,0.32,0.93,0.75,1.51,0.53,0.88,1.47,1.01,1.44,1.77,0.65,1.46,1.2,0.81,0.88,0.78,1.07,0.72,0.87,0.99,0.67,0.99,1.42,0.22,1.19,0.58,0.62,-0.1,-0.1,0.39,0.37
2012-05-31,0.88,0.32,0.65,0.47,0.72,0.79,1.53,0.76,0.96,1.46,1.27,1.74,1.74,0.77,1.38,1.32,0.88,1.1,0.69,1.02,0.64,0.83,0.86,0.84,0.97,1.42,0.59,1.13,0.51,0.6,-0.03,0.15,0.38,0.43
2012-06-30,0.73,0.54,0.77,0.53,0.67,0.83,1.45,0.84,0.88,1.22,1.43,1.86,1.64,0.7,1.36,1.55,0.97,1.39,0.62,1.09,0.53,0.75,0.75,0.89,0.92,1.44,0.68,0.9,0.58,0.5,0.2,0.43,0.44,0.54
2012-07-31,0.56,0.58,0.74,0.7,0.6,0.83,1.52,0.88,0.92,1.03,1.56,2.2,1.8,1.02,1.28,1.32,1.06,1.18,0.41,1.16,0.56,0.66,0.47,0.82,0.94,1.23,0.75,0.21,0.56,0.52,0.57,0.65,0.54,0.5
2012-08-31,0.64,0.65,0.79,0.67,0.59,0.9,1.47,0.53,0.96,0.78,1.24,1.38,1.65,1.2,1.3,1.34,0.97,1.16,0.41,1.05,0.36,0.55,0.48,0.85,0.93,1.18,0.33,0.04,0.55,0.27,0.79,0.77,0.64,0.59
2012-09-30,0.72,0.62,0.83,0.82,0.39,0.92,1.35,0.46,1.06,0.77,1.19,1.1,1.53,1.56,1.4,1.03,1.19,1.24,0.55,1.0,0.31,0.58,0.48,0.81,0.9,1.12,0.59,0.25,0.68,0.51,0.75,0.69,0.87,0.64
2012-10-31,0.9,0.64,0.92,0.74,0.2,0.81,1.0,0.08,1.05,0.65,0.81,0.85,1.17,1.41,0.94,0.77,1.31,1.28,0.62,0.79,0.06,0.66,0.58,0.75,0.78,0.94,0.75,0.43,0.77,0.68,0.63,0.56,0.89,0.73
2012-11-30,0.96,0.66,1.04,0.76,0.03,0.85,1.07,0.18,1.11,0.91,0.94,1.59,1.03,1.54,0.94,0.78,1.45,1.37,0.67,0.98,0.29,0.92,0.66,0.81,0.88,1.04,1.18,0.41,0.84,1.09,0.67,0.5,1.02,0.74
2012-12-31,0.97,0.6,0.99,0.76,0.12,0.77,1.18,0.03,1.05,1.02,0.82,2.03,1.15,1.28,0.77,0.84,1.4,1.21,0.47,0.95,0.47,0.94,0.69,0.91,0.96,0.98,1.17,0.32,0.64,1.08,0.69,0.46,0.8,0.53
2013-01-31,0.87,0.67,0.95,0.93,0.33,0.91,1.33,0.6,1.05,1.25,1.03,1.82,1.52,1.47,1.47,1.18,1.53,1.34,0.46,1.02,0.82,0.86,0.73,0.97,1.0,1.04,1.25,0.49,0.65,1.01,0.83,0.63,0.87,0.47
2013-02-28,0.71,0.74,0.79,1.1,0.7,0.81,1.28,0.94,0.94,1.25,1.13,1.69,1.92,1.46,1.72,1.35,1.6,1.41,0.5,0.98,0.95,0.71,0.75,0.81,0.89,1.02,1.25,0.78,0.79,0.98,0.68,0.62,0.8,0.45
2013-03-31,0.69,0.87,0.67,1.05,1.01,0.84,1.31,1.28,0.97,1.42,1.25,1.15,1.66,1.66,1.72,1.32,1.38,1.33,0.71,0.97,0.96,0.66,0.79,0.78,0.81,1.02,1.21,0.95,0.9,0.85,0.71,0.65,0.86,0.62
2013-04-30,0.76,0.91,0.64,0.98,1.23,0.73,1.49,1.2,0.95,1.49,1.31,1.12,1.62,1.51,1.38,1.23,1.31,1.31,0.83,1.01,0.94,0.63,0.86,0.82,0.78,1.12,1.15,1.16,0.98,0.77,0.52,0.54,0.84,0.62
2013-05-31,0.78,0.86,0.64,0.94,1.24,0.71,1.57,1.21,1.04,1.51,1.37,1.57,1.71,1.3,1.06,1.06,1.43,1.19,0.82,1.04,0.82,0.63,0.75,0.89,0.78,1.13,1.47,1.01,0.99,0.77,0.51,0.6,0.9,0.58
2013-06-30,0.87,1.03,0.78,1.15,1.4,0.79,1.64,1.42,1.12,1.17,1.21,2.29,2.4,1.38,1.25,1.39,1.93,1.49,0.88,1.14,0.87,0.73,0.82,1.07,0.85,1.22,1.6,1.19,1.17,1.06,0.64,0.92,1.03,0.71
2013-07-31,0.86,1.02,0.85,1.13,1.47,0.79,1.55,1.53,1.23,0.94,1.04,2.39,2.58,1.44,1.12,1.5,1.83,1.32,0.77,1.05,0.72,0.65,0.66,1.09,0.93,1.36,1.62,1.03,1.06,1.18,0.79,1.0,1.12,0.71
2013-08-31,1.01,1.11,0.96,0.98,1.56,0.9,1.78,1.59,1.19,0.7,0.7,1.17,2.5,1.64,1.34,1.35,1.64,1.32,0.72,0.85,0.55,0.65,0.76,0.98,0.86,1.55,1.11,1.06,0.95,0.82,0.92,0.99,1.1,0.72
2013-09-30,1.06,1.04,1.08,0.93,1.2,0.95,1.9,1.48,1.11,0.83,0.8,0.18,2.18,1.64,1.39,1.02,1.42,1.17,0.63,0.77,0.45,0.68,0.69,0.84,0.89,1.59,0.99,0.7,0.82,0.55,0.93,0.93,1.03,0.68
2013-10-31,1.0,0.96,1.05,0.94,1.19,0.85,1.77,1.33,0.81,0.66,0.56,-0.15,1.76,1.52,1.07,0.75,1.36,1.18,0.66,0.68,0.35,0.72,0.79,0.71,0.77,1.29,0.78,0.72,0.94,0.49,0.85,0.8,0.9,0.74
2013-11-30,0.79,0.9,0.83,0.93,1.44,0.66,1.33,1.27,0.69,0.77,0.68,0.42,1.56,1.39,0.66,0.81,1.3,1.11,0.83,0.69,0.44,0.71,0.67,0.63,0.63,0.86,0.81,0.94,1.06,0.86,0.8,0.77,0.82,0.89
2013-12-31,0.55,0.79,0.65,0.83,1.61,0.45,1.13,1.3,0.48,0.65,0.53,0.88,1.5,1.13,0.11,0.83,1.27,1.07,0.79,0.54,0.33,0.52,0.53,0.44,0.39,0.75,0.85,1.3,0.88,0.83,0.67,0.56,0.74,0.68
2014-01-31,0.51,0.74,0.5,0.93,1.6,0.55,1.07,1.5,0.61,0.7,0.6,1.18,2.0,1.24,0.52,0.79,1.35,1.01,0.7,0.47,0.41,0.57,0.49,0.42,0.38,0.78,1.13,1.5,0.76,0.82,0.82,0.73,0.72,0.6
2014-02-28,0.57,0.69,0.56,1.07,1.42,0.65,1.16,1.59,0.71,0.64,0.66,1.55,2.27,1.45,0.82,0.7,1.51,1.04,0.56,0.54,0.62,0.59,0.62,0.59,0.54,1.0,1.33,1.53,0.64,0.76,0.77,0.69,0.67,0.45
2014-03-31,0.62,0.67,0.49,1.06,1.34,0.76,1.22,1.54,0.89,0.84,0.82,1.6,2.24,1.86,1.13,0.53,1.46,0.93,0.62,0.58,0.72,0.68,0.81,0.84,0.68,0.95,1.3,1.38,0.59,0.77,0.87,0.75,0.6,0.58
2014-04-30,0.78,0.79,0.57,1.08,1.22,0.82,1.54,1.38,0.91,1.11,1.13,1.78,1.88,2.06,1.16,0.59,1.51,1.17,0.83,0.78,0.73,0.72,1.01,1.06,0.74,1.03,1.36,1.25,0.57,0.74,0.73,0.66,0.6,0.72
2014-05-31,0.74,0.81,0.6,1.28,1.04,0.7,1.58,1.41,0.74,1.11,1.08,1.56,1.87,2.05,0.81,0.63,1.61,1.13,0.87,0.74,0.46,0.6,1.03,1.07,0.73,1.02,1.56,1.08,0.54,0.68,0.69,0.76,0.74,0.82
2014-06-30,0.73,0.89,0.63,1.35,1.07,0.68,1.49,1.33,0.66,1.01,1.11,1.42,1.7,1.78,0.66,0.64,1.73,1.16,0.81,0.87,0.33,0.55,1.13,1.0,0.69,0.97,1.5,1.13,0.59,0.83,0.68,0.79,0.75,0.88
2014-07-31,0.52,0.93,0.62,1.42,1.15,0.64,1.25,1.48,0.68,0.93,0.95,1.07,1.84,1.95,0.53,0.74,1.89,0.91,0.69,0.86,0.2,0.36,0.94,0.8,0.64,0.98,1.57,1.22,0.68,1.02,0.77,0.86,0.77,0.92
2014-08-31,0.38,0.96,0.56,1.15,1.21,0.65,1.07,1.24,0.77,0.73,0.79,0.46,1.45,2.06,0.59,0.6,1.62,0.62,0.64,0.66,-0.05,0.2,0.82,0.63,0.49,0.87,1.03,1.43,0.6,0.81,0.84,0.75,0.62,0.92
2014-09-30,0.32,0.89,0.45,1.0,1.35,0.62,0.94,1.51,0.87,0.69,0.72,0.31,1.47,2.17,0.79,0.68,1.39,0.65,0.74,0.52,0.15,0.23,0.65,0.35,0.42,0.74,0.98,1.65,0.8,0.68,0.72,0.7,0.64,0.82
2014-10-31,0.38,0.87,0.36,0.7,1.45,0.51,0.78,1.31,0.92,0.44,0.63,0.37,1.28,1.82,0.61,0.5,0.96,0.7,0.71,0.3,0.26,0.21,0.67,0.31,0.37,0.56,0.74,1.74,0.8,0.5,0.49,0.46,0.6,0.73
2014-11-30,0.51,0.88,0.44,0.79,1.6,0.6,0.93,1.57,0.96,0.7,0.88,0.63,1.51,1.78,0.69,0.92,1.13,0.96,0.87,0.56,0.7,0.4,0.65,0.5,0.55,0.71,0.95,1.86,1.05,0.92,0.59,0.52,0.78,0.85
2014-12-31,0.46,0.92,0.55,0.93,1.58,0.57,1.0,1.64,0.77,0.74,0.76,0.81,1.71,1.55,0.45,1.05,1.31,0.98,0.76,0.42,0.58,0.37,0.62,0.69,0.57,0.88,1.03,1.77,0.83,1.01,0.62,0.6,0.85,0.83
2015-01-31,0.58,1.07,0.69,1.31,1.65,0.77,1.25,2.09,0.75,1.2,1.0,0.93,2.05,1.75,0.8,1.34,1.58,1.05,0.93,0.56,0.66,0.63,0.68,0.89,0.71,1.05,1.29,1.88,0.97,1.33,1.01,0.85,1.06,0.9
2015-02-28,0.68,1.15,0.79,1.43,1.71,0.8,1.28,2.14,0.74,1.07,1.03,1.04,2.19,1.9,0.83,1.14,1.67,1.03,0.88,0.64,0.64,0.72,0.88,0.93,0.81,1.06,1.65,1.76,1.04,1.38,0.94,0.89,1.09,0.81
2015-03-31,0.76,1.17,0.88,1.52,1.65,0.8,1.22,1.92,0.79,1.03,1.11,0.74,1.82,1.98,0.59,0.81,1.55,0.7,0.88,0.74,0.68,0.75,0.83,0.99,0.91,0.98,1.69,1.64,1.23,1.4,0.98,0.84,1.18,0.83
2015-04-30,0.44,0.97,0.65,1.34,1.34,0.46,0.97,1.54,0.36,0.44,0.84,0.35,1.39,1.87,0.04,0.55,1.33,0.46,0.71,0.57,0.49,0.35,0.52,0.63,0.65,0.86,1.56,1.27,1.11,1.12,0.61,0.66,1.02,0.69
2015-05-31,0.19,0.79,0.42,1.3,0.88,0.37,0.84,1.29,0.16,0.35,0.72,0.06,1.27,1.57,-0.06,0.42,1.15,0.31,0.54,0.34,0.4,0.19,0.32,0.33,0.48,0.82,1.56,0.91,0.97,1.09,0.55,0.58,1.01,0.61
2015-06-30,0.05,0.73,0.27,1.17,0.9,0.22,0.67,1.25,0.01,-0.07,0.54,0.37,1.43,1.35,-0.01,0.57,0.9,0.37,0.59,0.12,0.12,0.03,0.37,0.05,0.28,0.84,1.33,0.82,1.01,1.2,0.49,0.59,0.82,0.69
2015-07-31,0.06,0.63,0.31,1.08,1.04,0.24,0.68,1.25,-0.02,-0.12,0.57,0.46,1.44,1.34,0.09,0.51,0.85,0.37,0.59,-0.08,0.04,0.07,0.44,0.15,0.39,0.85,1.28,0.79,0.98,1.37,0.59,0.71,0.77,0.72
2015-08-31,0.19,0.65,0.34,0.93,1.48,0.21,0.5,1.42,-0.01,-0.07,0.46,0.2,1.47,1.46,0.91,0.62,0.7,0.3,0.7,-0.25,-0.04,-0.1,0.41,0.24,0.33,0.8,1.19,1.18,0.97,1.29,0.5,0.56,0.52,0.6
2015-09-30,0.34,0.49,0.27,0.8,1.46,0.39,0.57,1.37,0.08,0.34,0.79,-0.17,1.48,1.72,1.89,0.77,0.76,0.48,0.66,-0.05,0.31,0.02,0.47,0.42,0.54,0.92,1.44,1.42,0.92,1.11,0.53,0.55,0.44,0.39
2015-10-31,0.41,0.54,0.34,0.66,1.5,0.49,0.51,1.19,0.27,0.4,0.8,-0.29,1.26,1.45,2.26,0.79,0.53,0.47,0.64,0.24,0.41,0.15,0.59,0.56,0.6,0.99,1.17,1.61,1.01,1.04,0.43,0.47,0.43,0.42
2015-11-30,0.43,0.6,0.41,0.73,1.43,0.59,0.61,1.15,0.45,0.37,0.88,0.16,0.95,1.17,1.63,0.85,0.57,0.66,0.72,0.51,0.56,0.34,0.62,0.69,0.74,0.89,0.84,1.47,1.15,1.11,0.55,0.78,0.5,0.61
2015-12-31,0.33,0.69,0.46,0.82,1.46,0.5,0.45,1.22,0.54,0.21,0.47,0.24,0.7,0.95,0.73,0.68,0.63,0.59,0.83,0.49,0.52,0.25,0.44,0.59,0.59,0.57,0.8,1.4,1.26,1.32,0.4,0.74,0.56,0.72
2016-01-31,0.4,0.77,0.48,0.99,1.38,0.69,0.5,1.64,0.69,0.51,0.6,0.46,0.97,1.17,0.64,0.82,1.01,0.82,0.97,0.63,0.65,0.22,0.36,0.52,0.55,0.43,1.05,1.34,1.31,1.48,0.6,0.83,0.62,0.77
2016-02-29,0.34,0.74,0.5,1.03,1.35,0.73,0.61,1.77,0.64,0.65,0.7,0.54,1.07,1.37,0.42,0.85,1.06,0.68,0.93,0.65,0.68,0.14,0.27,0.41,0.48,0.47,1.26,1.38,1.29,1.5,0.58,0.69,0.7,0.77
2016-03-31,0.28,0.66,0.48,0.85,1.13,0.64,0.56,1.46,0.51,0.71,0.78,0.67,0.87,1.45,0.28,0.8,0.92,0.4,0.73,0.59,0.53,0.04,0.19,0.43,0.43,0.54,1.11,1.05,1.07,1.29,0.55,0.57,0.62,0.74
2016-04-30,0.3,0.6,0.47,0.7,1.14,0.46,0.44,1.25,0.53,0.57,0.67,0.48,0.63,1.36,0.19,0.8,0.78,0.22,0.59,0.48,0.45,-0.0,0.23,0.39,0.38,0.63,1.04,0.98,0.93,1.12,0.34,0.44,0.55,0.67
2016-05-31,0.39,0.53,0.42,0.44,0.98,0.36,0.09,0.79,0.47,0.44,0.53,0.29,0.52,1.25,0.07,0.58,0.72,0.16,0.53,0.39,0.31,-0.0,0.27,0.27,0.27,0.49,0.87,0.81,0.72,0.94,0.28,0.43,0.45,0.62
2016-06-30,0.42,0.48,0.41,0.37,0.91,0.37,0.19,0.77,0.42,0.35,0.52,0.15,0.52,1.26,0.2,0.6,0.78,0.31,0.61,0.41,0.29,0.02,0.3,0.27,0.29,0.45,0.73,0.84,0.81,0.97,0.36,0.58,0.47,0.72
2016-07-31,0.32,0.37,0.24,0.2,0.79,0.22,0.1,0.6,0.15,0.13,0.15,0.18,0.3,1.19,0.03,0.3,0.73,0.17,0.51,0.19,0.16,0.01,0.16,0.17,0.11,0.11,0.57,0.66,0.73,0.88,0.38,0.54,0.3,0.69
2016-08-31,0.09,0.24,0.04,-0.05,0.46,-0.05,0.01,0.48,-0.14,-0.34,-0.3,,-0.06,0.64,-0.14,-0.02,0.35,0.1,0.29,-0.14,-0.15,-0.13,-0.03,0.23,-0.12,-0.07,0.07,0.45,0.44,0.56,0.35,0.42,0.07,0.4
2016-09-30,-0.01,0.21,-0.14,-0.04,0.41,-0.13,-0.16,0.41,-0.31,-0.48,-0.48,,-0.0,0.43,-0.21,-0.29,0.17,0.08,0.21,-0.3,-0.29,-0.1,-0.13,0.2,-0.24,0.03,-0.08,0.42,0.24,0.38,0.2,0.26,-0.01,0.19
2016-10-31,-0.03,0.28,-0.03,0.08,0.38,-0.09,-0.11,0.16,-0.2,-0.32,-0.25,,0.13,0.4,-0.28,-0.17,0.2,0.19,0.29,-0.16,-0.16,-0.04,-0.06,0.31,-0.08,0.26,-0.11,0.61,0.28,0.37,0.26,0.36,0.15,0.25
2016-11-30,0.14,0.39,0.17,0.55,0.69,0.16,0.25,0.51,0.07,0.16,0.26,,0.57,0.93,0.17,0.21,0.71,0.41,0.46,0.29,0.29,0.2,0.31,0.48,0.33,0.6,0.69,1.01,0.75,0.7,0.28,0.46,0.45,0.48
2016-12-31,0.35,0.5,0.42,0.69,0.84,0.26,0.39,0.69,0.41,0.46,0.5,,0.53,0.83,0.22,0.39,0.89,0.42,0.66,0.53,0.57,0.28,0.62,0.61,0.57,0.6,0.91,1.31,0.98,0.82,0.41,0.51,0.66,0.68
2017-01-31,0.42,0.43,0.4,0.73,0.95,0.37,0.48,0.86,0.42,0.55,0.5,2.64,0.68,0.82,0.42,0.43,0.83,0.38,0.69,0.57,0.44,0.32,0.62,0.54,0.53,0.46,1.04,1.45,0.97,0.79,0.54,0.48,0.64,0.61
2017-02-28,0.34,0.39,0.32,0.55,0.93,0.28,0.39,0.82,0.38,0.64,0.4,2.2,0.67,0.79,0.41,0.35,0.65,0.3,0.66,0.48,0.31,0.32,0.35,0.4,0.33,0.31,0.91,1.34,0.83,0.74,0.54,0.4,0.56,0.54
2017-03-31,0.15,0.37,0.24,0.5,0.83,0.29,0.45,0.69,0.23,0.52,0.34,1.76,0.71,1.15,0.47,0.32,0.62,0.32,0.55,0.41,0.23,0.28,0.09,0.25,0.17,0.3,0.99,1.21,0.88,0.72,0.51,0.38,0.54,0.35
2017-04-30,0.1,0.4,0.3,0.52,0.74,0.34,0.62,0.67,0.24,0.57,0.54,1.45,0.67,1.19,0.51,0.34,0.59,0.42,0.52,0.48,0.37,0.26,0.12,0.32,0.2,0.49,0.89,1.02,0.99,0.82,0.35,0.39,0.59,0.32
2017-05-31,-0.06,0.24,0.21,0.33,0.49,0.3,0.43,0.4,0.01,0.27,0.27,0.94,0.18,0.91,0.13,0.18,0.35,0.16,0.39,0.24,0.18,0.07,0.06,0.19,0.14,0.34,0.48,0.51,0.84,0.67,0.19,0.24,0.53,0.2
2017-06-30,-0.07,0.06,0.08,0.17,0.37,0.18,0.27,0.39,-0.17,0.31,0.09,0.95,-0.11,0.52,0.02,0.12,0.14,-0.02,0.26,0.12,-0.07,0.01,0.02,0.11,-0.01,0.03,0.02,0.34,0.53,0.42,0.07,0.14,0.32,0.15
2017-07-31,-0.1,-0.06,-0.09,0.05,0.15,0.11,-0.02,0.25,-0.15,0.35,-0.24,1.0,-0.35,0.26,-0.19,-0.15,-0.0,-0.25,0.05,0.02,-0.2,-0.04,-0.03,-0.07,-0.17,-0.24,-0.16,0.11,0.25,0.17,0.04,0.08,0.17,0.07
2017-08-31,-0.04,0.04,-0.1,0.07,0.12,0.13,0.05,0.37,0.13,0.44,-0.13,0.47,-0.19,0.47,-0.01,-0.11,-0.07,-0.15,0.14,0.11,-0.1,0.06,0.0,-0.02,-0.21,-0.27,-0.34,0.47,0.2,0.16,0.06,0.12,0.12,0.12
2017-09-30,-0.02,0.14,-0.09,0.15,0.3,0.24,0.09,0.59,0.36,0.45,0.1,-0.04,0.03,0.84,0.07,0.05,0.07,-0.08,0.14,0.26,0.14,0.1,0.08,0.04,-0.15,-0.07,-0.28,0.49,0.21,0.3,0.12,0.13,0.18,0.13
2017-10-31,0.01,0.27,0.05,0.26,0.65,0.22,0.28,0.98,0.45,0.31,0.28,-0.48,0.25,1.27,0.18,0.26,0.22,0.04,0.35,0.3,0.21,0.12,0.14,0.23,-0.02,0.15,-0.19,0.77,0.38,0.4,0.09,0.11,0.36,0.27
2017-11-30,0.07,0.31,0.16,0.44,0.8,0.21,0.53,1.09,0.44,0.35,0.47,-0.17,0.62,1.4,0.27,0.44,0.51,0.14,0.35,0.34,0.26,0.09,0.13,0.28,0.06,0.36,0.18,0.77,0.42,0.44,0.11,0.22,0.38,0.31
2017-12-31,0.19,0.4,0.28,0.62,0.78,0.22,0.71,1.11,0.55,0.31,0.5,0.12,0.84,1.06,0.29,0.33,0.52,0.23,0.46,0.36,0.4,0.22,0.21,0.39,0.23,0.38,0.45,0.76,0.55,0.62,0.13,0.27,0.48,0.37
2018-01-31,0.16,0.34,0.17,0.57,0.6,0.24,0.75,1.01,0.46,0.35,0.56,0.34,0.9,0.77,0.27,0.33,0.43,0.25,0.37,0.26,0.35,0.3,0.11,0.28,0.25,0.32,0.47,0.64,0.35,0.61,0.14,0.24,0.33,0.25
2018-02-28,0.12,0.34,0.1,0.52,0.62,0.15,0.51,0.83,0.19,0.23,0.31,0.35,0.53,0.45,0.08,0.16,0.22,0.12,0.35,0.11,0.3,0.33,0.07,0.12,0.22,0.1,0.24,0.62,0.31,0.7,0.22,0.23,0.41,0.2
2018-03-31,0.04,0.34,0.11,0.46,0.56,0.3,0.46,0.68,0.1,0.25,0.25,0.78,0.44,0.71,0.13,0.26,0.3,0.21,0.39,0.01,0.22,0.28,-0.02,0.09,0.21,0.09,0.17,0.75,0.32,0.64,0.29,0.26,0.39,0.16
2018-04-30,0.06,0.34,0.15,0.42,0.46,0.33,0.19,0.35,0.03,0.28,0.11,0.72,0.24,0.54,0.11,0.18,0.15,0.32,0.26,-0.07,0.21,0.08,-0.1,0.07,0.12,-0.11,0.06,0.64,0.34,0.57,0.26,0.22,0.38,0.09
2018-05-31,0.17,0.38,0.24,0.47,0.45,0.53,0.23,0.35,0.18,0.46,0.32,0.89,0.45,0.6,0.38,0.36,0.37,0.58,0.21,0.15,0.29,0.06,-0.1,0.22,0.19,-0.07,0.28,0.58,0.53,0.69,0.21,0.21,0.4,0.15
2018-06-30,0.33,0.33,0.22,0.42,0.34,0.53,0.23,0.32,0.24,0.75,0.46,0.6,0.45,0.5,0.54,0.33,0.41,0.64,0.08,0.27,0.42,-0.02,-0.15,0.27,0.21,0.02,0.29,0.41,0.57,0.53,0.23,0.25,0.39,0.15
2018-07-31,0.44,0.37,0.25,0.4,0.47,0.58,0.29,0.28,0.33,0.94,0.44,0.54,0.43,0.6,0.55,0.36,0.58,0.58,0.29,0.32,0.75,0.19,-0.0,0.38,0.27,0.16,0.46,0.41,0.66,0.46,0.33,0.35,0.46,0.26
2018-08-31,0.38,0.26,0.18,0.24,0.48,0.53,0.35,0.3,0.36,0.92,0.53,0.19,0.38,0.62,0.39,0.07,0.43,0.49,0.27,0.3,0.73,0.17,0.06,0.36,0.19,0.26,0.43,0.49,0.46,0.14,0.29,0.31,0.34,0.15
2018-09-30,0.37,0.23,0.18,0.23,0.69,0.46,0.27,0.37,0.4,0.8,0.58,-0.23,0.37,0.58,0.11,-0.03,0.34,0.33,0.33,0.27,0.75,0.23,0.2,0.39,0.14,0.22,0.57,0.52,0.38,0.19,0.18,0.26,0.31,0.1
2018-10-31,0.3,0.2,0.24,0.33,0.62,0.32,0.51,0.48,0.26,0.56,0.77,0.31,0.44,0.64,0.2,0.03,0.24,0.36,0.31,0.29,0.3,0.11,0.15,0.37,0.17,0.27,0.61,0.55,0.45,0.47,0.11,0.26,0.41,0.12
2018-11-30,0.37,0.25,0.31,0.45,0.6,0.32,0.65,0.51,0.33,0.79,0.79,1.06,0.52,0.66,0.4,0.31,0.27,0.47,0.38,0.37,0.33,0.21,0.24,0.4,0.3,0.35,0.67,0.49,0.55,0.66,0.09,0.28,0.59,0.22
2018-12-31,0.24,0.28,0.3,0.57,0.58,0.19,0.64,0.36,0.09,0.64,0.65,1.84,0.47,0.5,0.6,0.48,0.2,0.59,0.34,0.36,0.01,0.17,0.16,0.33,0.26,0.41,0.55,0.6,0.58,0.75,0.17,0.31,0.7,0.39
2019-01-31,0.12,0.22,0.24,0.5,0.48,0.05,0.34,0.12,0.02,0.26,0.24,1.23,0.18,0.22,0.13,0.2,0.11,0.37,0.18,0.23,0.04,0.12,0.13,0.31,0.18,0.24,0.45,0.47,0.41,0.53,0.1,0.13,0.54,0.34
2019-02-28,0.04,0.19,0.21,0.48,0.46,-0.09,0.17,-0.14,-0.14,-0.19,-0.02,0.64,-0.05,0.1,-0.19,-0.01,0.1,0.2,0.04,0.15,0.02,0.04,0.1,0.38,0.19,0.19,0.44,0.25,0.36,0.5,0.16,0.07,0.4,0.31
2019-03-31,0.01,0.18,0.22,0.36,0.32,-0.09,0.16,-0.18,-0.02,-0.42,-0.17,0.35,-0.1,0.42,-0.22,-0.08,0.21,0.17,-0.06,0.25,0.18,0.06,0.1,0.46,0.27,0.2,0.53,-0.03,0.29,0.42,0.08,0.0,0.27,0.2
2019-04-30,0.16,0.21,0.3,0.37,0.45,0.13,0.37,-0.01,0.26,-0.13,0.01,0.49,0.13,0.6,0.15,0.16,0.4,0.26,-0.03,0.46,0.36,0.28,0.2,0.45,0.34,0.41,0.44,-0.08,0.28,0.51,0.14,0.1,0.33,0.21
2019-05-31,0.22,0.25,0.29,0.42,0.49,0.27,0.44,0.18,0.41,0.05,0.1,0.69,0.24,0.77,0.38,0.4,0.57,0.27,0.16,0.58,0.47,0.38,0.25,0.51,0.42,0.42,0.44,0.08,0.37,0.69,0.17,0.26,0.41,0.34
2019-06-30,0.27,0.24,0.28,0.49,0.43,0.34,0.53,0.23,0.5,0.35,0.34,0.58,0.17,0.77,0.46,0.41,0.56,0.24,0.23,0.58,0.53,0.41,0.27,0.54,0.42,0.4,0.45,0.16,0.47,0.75,0.35,0.44,0.5,0.38
2019-07-31,0.26,0.26,0.23,0.53,0.29,0.36,0.51,0.25,0.4,0.38,0.41,0.33,0.19,0.92,0.39,0.39,0.58,0.29,0.22,0.45,0.31,0.3,0.18,0.53,0.43,0.35,0.64,0.2,0.54,0.79,0.4,0.5,0.45,0.4
2019-08-31,0.3,0.21,0.29,0.55,0.29,0.4,0.56,0.45,0.36,0.5,0.53,-0.05,0.52,0.59,0.18,0.35,0.59,0.51,0.19,0.39,0.23,0.32,0.15,0.52,0.37,0.53,0.58,0.22,0.51,0.71,0.51,0.57,0.5,0.35
2019-09-30,0.36,0.25,0.4,0.58,0.42,0.5,0.71,0.69,0.38,0.73,0.64,-0.11,0.95,0.34,0.02,0.37,0.62,0.6,0.29,0.39,0.39,0.37,0.25,0.54,0.45,0.63,0.55,0.3,0.49,0.77,0.49,0.55,0.54,0.44
2019-10-31,0.38,0.42,0.54,0.61,0.65,0.63,0.81,0.85,0.54,0.96,0.75,-0.08,1.27,0.29,0.06,0.38,0.74,0.69,0.54,0.58,0.78,0.49,0.52,0.69,0.57,0.72,0.57,0.53,0.61,0.85,0.65,0.73,0.67,0.64
2019-11-30,0.43,0.56,0.56,0.71,0.82,0.59,0.85,1.03,0.59,0.91,0.82,-0.13,1.31,0.54,0.22,0.46,0.81,0.65,0.6,0.67,0.84,0.46,0.6,0.67,0.56,0.74,0.81,0.7,0.77,0.91,0.76,0.83,0.7,0.79
2019-12-31,0.53,0.71,0.56,0.76,1.09,0.64,0.77,1.15,0.64,0.65,0.61,-0.43,1.22,0.73,0.31,0.5,0.84,0.71,0.68,0.73,0.78,0.5,0.61,0.72,0.57,0.71,0.88,0.95,0.9,1.0,0.87,0.91,0.73,0.85
2020-01-31,0.7,0.8,0.66,0.86,1.13,0.72,0.95,1.3,0.76,0.66,0.79,-0.0,1.42,0.96,0.76,0.89,0.92,0.97,0.65,0.79,0.78,0.62,0.58,0.86,0.62,0.91,1.06,1.01,0.97,1.04,0.91,0.95,0.92,0.8
2020-02-29,0.81,0.86,0.83,0.86,0.99,0.98,1.11,1.18,0.98,0.94,0.95,0.57,1.42,1.22,1.21,1.12,1.07,1.2,0.66,0.98,0.88,0.75,0.68,1.09,0.79,1.07,1.13,1.01,0.9,1.04,0.88,0.92,1.01,0.75
2020-03-31,0.84,0.82,0.86,0.93,0.78,1.08,1.36,1.02,1.1,1.13,1.17,1.46,1.57,1.44,1.48,1.31,1.28,1.35,0.6,1.1,0.95,0.78,0.77,1.21,0.86,1.31,1.27,0.89,0.85,0.96,0.94,0.91,1.06,0.68
2020-04-30,0.81,0.67,0.72,0.94,0.68,0.96,1.23,0.84,0.88,0.95,0.95,0.97,1.28,1.28,1.13,1.12,1.2,1.08,0.55,1.05,0.79,0.64,0.67,1.08,0.77,1.16,1.2,0.68,0.76,0.77,0.92,0.83,0.87,0.58
2020-05-31,0.5,0.47,0.35,0.55,0.61,0.55,0.71,0.49,0.44,0.32,0.45,0.38,0.76,0.92,0.65,0.58,0.69,0.53,0.4,0.55,0.5,0.5,0.35,0.48,0.29,0.53,0.76,0.45,0.53,0.4,0.8,0.54,0.43,0.37
2020-06-30,0.33,0.41,0.19,0.33,0.55,0.27,0.1,0.28,0.19,0.02,-0.0,-0.22,0.18,0.5,0.12,0.1,0.32,-0.02,0.43,0.11,0.18,0.36,0.14,0.1,-0.08,-0.05,0.38,0.38,0.46,0.23,0.62,0.35,0.19,0.31
2020-07-31,0.33,0.64,0.21,0.39,0.7,0.45,0.05,0.38,0.35,0.09,-0.05,0.04,0.19,0.63,0.22,-0.07,0.36,-0.04,0.57,0.11,0.31,0.45,0.22,0.09,-0.05,-0.1,0.35,0.56,0.68,0.49,0.64,0.35,0.27,0.41
2020-08-31,0.72,1.03,0.63,0.99,0.97,1.04,0.73,0.78,0.96,0.88,0.49,0.54,0.78,0.85,0.57,0.48,0.96,0.48,0.95,0.78,0.95,0.77,0.78,0.76,0.58,0.61,0.93,0.9,1.14,1.12,0.9,0.76,0.78,0.78
2020-09-30,1.09,1.47,1.05,1.6,1.49,1.74,1.67,1.46,1.5,1.66,1.31,0.88,1.55,1.38,1.32,1.17,1.64,1.25,1.32,1.53,1.72,1.18,1.34,1.46,1.23,1.44,1.53,1.24,1.61,1.7,1.29,1.31,1.33,1.22
2020-10-31,1.23,1.72,1.22,1.78,1.85,1.98,1.99,1.69,1.78,2.21,1.68,0.8,1.77,1.54,1.67,1.53,1.99,1.62,1.62,1.88,2.33,1.57,1.69,1.73,1.51,1.76,1.7,1.55,1.79,1.75,1.52,1.56,1.5,1.51
2020-11-30,1.41,1.9,1.29,1.92,2.22,2.23,2.1,1.91,1.92,2.55,1.84,0.78,1.83,1.83,2.03,1.65,2.08,1.81,1.86,2.05,2.63,1.91,1.83,1.9,1.71,1.83,1.68,1.9,1.99,1.82,1.76,1.73,1.62,1.75
2020-12-31,1.49,1.89,1.28,1.91,2.31,2.22,2.05,1.93,2.04,2.61,1.69,0.96,1.83,1.87,1.92,1.67,1.95,1.73,1.89,2.01,2.63,2.12,1.89,1.89,1.76,1.81,1.68,2.07,1.96,1.72,1.81,1.68,1.56,1.77
2021-01-31,1.69,1.96,1.5,2.1,2.48,2.36,2.15,2.07,2.33,2.62,1.76,1.46,1.86,1.92,1.71,1.76,1.86,1.65,2.04,2.06,2.56,2.23,2.07,2.16,1.91,1.87,1.83,2.34,2.08,1.82,1.98,1.85,1.77,2.01
2021-02-28,1.71,1.99,1.56,2.14,2.63,2.29,2.22,2.21,2.55,2.51,1.85,2.05,1.91,1.89,1.84,1.84,1.93,1.7,2.1,1.95,2.34,2.17,2.1,2.09,1.92,1.85,1.84,2.64,1.98,1.73,2.0,1.84,1.79,2.01
2021-03-31,1.84,2.0,1.61,2.19,2.88,2.49,2.31,2.44,3.02,2.51,2.02,2.5,2.07,1.91,2.23,1.92,2.02,1.78,2.24,1.92,2.36,2.19,2.13,2.0,1.91,1.78,1.75,3.41,1.99,1.7,2.23,2.14,1.79,2.06
2021-04-30,2.14,2.16,1.72,2.35,3.23,2.77,2.71,3.09,3.35,2.89,2.46,2.27,2.61,2.23,2.62,2.09,2.28,2.12,2.55,2.21,2.44,2.36,2.21,1.89,2.05,1.84,1.87,4.36,2.08,1.79,2.52,2.49,1.8,2.19
2021-05-31,2.41,2.35,1.97,2.59,3.57,3.05,3.17,3.53,3.61,3.25,2.67,2.01,3.0,2.65,2.7,2.36,2.5,2.29,2.84,2.52,2.68,2.47,2.39,1.94,2.3,1.98,2.2,5.13,2.4,2.04,2.98,2.93,1.9,2.36
2021-06-30,2.36,2.3,2.01,2.35,3.61,2.65,3.37,3.43,3.3,3.49,2.94,1.34,3.07,2.67,2.56,2.37,2.59,2.36,2.97,2.69,2.69,2.61,2.24,1.45,2.18,2.07,2.27,5.05,2.48,2.09,2.89,2.48,1.82,2.25
2021-07-31,1.5,1.57,1.37,1.53,2.74,1.62,2.59,2.32,2.24,2.86,2.29,2.19,2.29,1.97,1.93,1.67,1.76,1.61,2.21,1.92,2.11,1.96,1.45,0.5,1.26,1.57,1.57,3.66,1.81,1.48,2.04,1.41,1.16,1.48
2021-08-31,0.47,0.59,0.48,0.5,1.6,0.39,1.41,0.98,0.93,2.01,1.47,2.08,1.18,0.79,0.89,0.6,0.62,0.71,1.32,0.86,1.1,1.13,0.42,-0.55,0.11,0.78,0.61,2.01,0.79,0.54,0.88,0.24,0.28,0.55
2021-09-30,-0.41,-0.12,-0.32,-0.14,0.63,-0.42,0.45,0.06,0.04,1.2,0.54,2.33,0.25,-0.05,-0.08,-0.36,-0.37,-0.2,0.53,-0.06,0.1,0.22,-0.36,-1.06,-0.67,-0.06,-0.28,0.78,-0.17,-0.33,-0.0,-0.45,-0.45,-0.16
2021-10-31,-0.4,-0.23,-0.45,-0.08,0.43,-0.33,0.52,-0.01,0.12,1.34,0.65,1.92,0.16,0.01,-0.09,-0.32,-0.23,-0.19,0.39,0.01,-0.04,0.09,-0.29,-0.78,-0.53,-0.04,-0.27,0.63,-0.37,-0.49,-0.03,-0.27,-0.55,-0.34
2021-11-30,0.2,0.13,-0.05,0.34,0.64,0.24,1.03,0.46,0.75,1.43,0.95,2.39,0.52,0.46,0.3,-0.06,0.23,0.13,0.57,0.58,0.45,0.46,0.32,-0.04,0.1,0.33,0.0,1.01,0.06,-0.19,0.38,0.22,-0.11,-0.02
2021-12-31,0.97,0.66,0.58,0.89,1.1,1.0,1.51,0.94,1.23,1.66,1.52,2.42,0.91,0.96,0.85,0.5,0.79,0.73,0.86,1.13,1.09,0.97,1.04,0.8,0.87,0.85,0.65,1.46,0.67,0.4,1.06,0.86,0.5,0.52
2022-01-31,1.78,1.33,1.28,1.75,1.83,1.69,2.27,1.52,1.96,2.16,2.44,1.61,1.81,1.75,1.93,1.37,1.73,1.71,1.3,2.11,1.67,1.62,1.73,1.82,1.81,1.7,1.65,2.15,1.52,1.32,1.76,1.54,1.29,1.2
2022-02-28,2.13,1.71,1.63,2.36,2.25,2.21,2.96,2.03,2.47,3.0,3.44,1.05,2.58,2.38,2.79,2.2,2.41,2.45,1.62,2.91,2.11,2.04,2.13,2.36,2.34,2.22,2.38,2.74,1.94,1.88,2.17,1.94,1.69,1.61
2022-03-31,2.43,2.04,1.87,2.86,2.52,2.85,4.25,2.6,3.26,4.0,4.44,0.91,3.51,3.02,3.73,3.1,3.14,3.3,1.92,3.95,2.93,2.54,2.67,2.81,2.86,2.8,3.07,3.0,2.29,2.15,2.4,2.29,1.97,1.91
2022-04-30,2.32,1.99,1.73,2.58,2.36,2.89,4.29,2.68,3.15,4.03,4.18,1.06,3.46,2.81,3.17,3.0,2.85,2.95,1.85,3.75,2.97,2.6,2.66,2.33,2.54,2.41,2.67,2.65,2.08,1.73,2.21,2.11,1.81,1.84
2022-05-31,1.8,1.76,1.33,2.15,2.12,2.41,3.58,2.34,2.51,3.09,3.24,1.09,3.03,2.37,2.46,2.56,2.3,2.34,1.62,2.84,2.35,2.12,2.18,1.7,1.9,1.94,2.15,1.91,1.79,1.38,1.66,1.69,1.54,1.44
2022-06-30,0.95,1.06,0.68,1.31,1.42,1.27,2.06,1.37,1.14,1.51,1.79,0.72,1.83,1.39,1.24,1.44,1.11,1.15,1.04,1.31,1.03,1.05,1.17,0.77,0.83,0.95,0.99,1.25,1.11,0.78,0.78,0.93,0.95,0.72
2022-07-31,-0.18,0.07,-0.22,0.32,0.43,-0.06,0.71,0.18,-0.21,-0.13,0.27,0.15,0.44,0.19,0.05,0.25,-0.18,0.13,0.16,-0.12,-0.2,-0.4,0.01,-0.14,-0.2,-0.09,-0.33,0.18,0.23,0.08,-0.26,-0.2,0.02,-0.22
2022-08-31,-0.79,-0.66,-0.73,-0.55,-0.52,-1.0,-0.37,-0.93,-1.22,-1.08,-0.84,-0.87,-0.93,-0.81,-1.04,-0.68,-1.15,-0.69,-0.59,-0.97,-0.96,-1.25,-0.63,-0.78,-0.8,-0.92,-1.41,-0.82,-0.53,-0.63,-0.88,-0.95,-0.68,-0.82
2022-09-30,-1.08,-1.03,-0.93,-1.05,-1.14,-1.54,-1.3,-1.48,-1.92,-1.77,-1.63,-1.85,-1.68,-1.33,-1.83,-1.1,-1.6,-1.19,-1.17,-1.53,-1.48,-1.72,-1.02,-1.09,-1.04,-1.35,-1.9,-1.52,-0.89,-1.0,-1.15,-1.35,-0.98,-1.11
2022-10-31,-0.8,-0.97,-0.68,-1.09,-1.27,-1.26,-1.42,-1.44,-1.79,-1.65,-1.51,-2.25,-1.74,-1.41,-1.88,-1.22,-1.47,-1.19,-1.31,-1.42,-1.31,-1.29,-0.78,-0.97,-0.88,-1.32,-1.65,-1.59,-0.81,-1.01,-0.92,-1.2,-0.8,-0.94
2022-11-30,-0.59,-1.06,-0.61,-1.09,-1.4,-1.0,-1.08,-1.33,-1.29,-0.74,-0.67,-2.54,-1.45,-1.32,-1.51,-1.22,-1.38,-0.9,-1.41,-0.78,-0.8,-1.0,-0.54,-0.79,-0.76,-1.11,-1.37,-1.48,-0.96,-1.02,-0.79,-1.24,-0.79,-0.94
2022-12-31,-0.63,-1.26,-0.84,-1.2,-1.66,-1.04,-0.86,-1.57,-1.01,-0.03,-0.23,-2.38,-1.56,-1.61,-1.35,-1.54,-1.51,-0.91,-1.44,-0.44,-0.56,-0.87,-0.47,-0.81,-0.89,-1.2,-1.4,-1.77,-1.29,-1.28,-0.85,-1.4,-0.99,-1.12
2023-01-31,-0.69,-1.28,-0.85,-1.02,-1.67,-1.35,-0.79,-1.58,-0.89,0.4,-0.07,-2.4,-1.52,-1.42,-1.12,-1.37,-1.43,-0.72,-1.17,-0.06,-0.66,-1.0,-0.5,-0.67,-0.81,-1.0,-1.17,-1.4,-1.25,-1.18,-0.56,-1.12,-0.91,-1.08
