zip_code,2015-03-31,2015-04-30,2015-05-31,2015-06-30,2015-07-31,2015-08-31,2015-09-30,2015-10-31,2015-11-30,2015-12-31,2016-01-31,2016-02-29,2016-03-31,2016-04-30,2016-05-31,2016-06-30,2016-07-31,2016-08-31,2016-09-30,2016-10-31,2016-11-30,2016-12-31,2017-01-31,2017-02-28,2017-03-31,2017-04-30,2017-05-31,2017-06-30,2017-07-31,2017-08-31,2017-09-30,2017-10-31,2017-11-30,2017-12-31,2018-01-31,2018-02-28,2018-03-31,2018-04-30,2018-05-31,2018-06-30,2018-07-31,2018-08-31,2018-09-30,2018-10-31,2018-11-30,2018-12-31,2019-01-31,2019-02-28,2019-03-31,2019-04-30,2019-05-31,2019-06-30,2019-07-31,2019-08-31,2019-09-30,2019-10-31,2019-11-30,2019-12-31,2020-01-31,2020-02-29,2020-03-31,2020-04-30,2020-05-31,2020-06-30,2020-07-31,2020-08-31,2020-09-30,2020-10-31,2020-11-30,2020-12-31,2021-01-31,2021-02-28,2021-03-31,2021-04-30,2021-05-31,2021-06-30,2021-07-31,2021-08-31,2021-09-30,2021-10-31,2021-11-30,2021-12-31,2022-01-31,2022-02-28,2022-03-31,2022-04-30,2022-05-31,2022-06-30,2022-07-31,2022-08-31,2022-09-30,2022-10-31,2022-11-30,2022-12-31,2023-01-31
78739,,,,,,,,,,,,,,,,,,,,,,,,,,,,,,,,,,,,,,,,,,,,,,,,,,,,,,,,,,,,,,,,,,,,,,,,,,,,,,,,,,,,,3384.9103965074737,3442.044270809725,3565.5296935894658,3589.8300544380245,3627.420089094801,3625.345710853693,3626.3605380171703,3557.3703328534184,3532.6744045067153,,3210.222222222222
78748,1128.2315610590624,1136.914111508627,1146.5730224295212,1149.1193320428686,1149.187263109852,1144.1692718681365,1150.5852898896005,1148.3567346641596,1147.7066181885914,1139.1621797078478,1137.693919586255,1152.660779021737,1167.7765957075114,1184.9141899172494,1174.304686326741,1172.665720864989,1173.0738034676633,1186.2824138366589,1198.446575123026,1201.1685665381835,1195.5714047509878,1177.5506189798853,1173.2590278044574,1176.1948753410798,1188.062518192549,1195.0179261694454,1211.8363590468664,1216.7806333793465,1225.108710588113,1218.0034787861896,1200.042347129878,1180.7164549314011,1161.4062680883624,1171.734472466313,1181.1212207265014,1190.0625831223458,1188.9185069695945,1191.5881563351875,1201.4112266685192,1216.3064753860156,1231.9333172340728,1246.0141603335671,1241.9711275361603,1231.5593504931794,1234.6042104602784,1237.3694022821626,1251.9441037000795,1254.5001247026896,1270.1981046972735,1280.0493228281775,1288.6863985363116,1299.258141916484,1309.8893384495284,1318.6132979392266,1314.0874039080534,1301.5867190691456,1296.1377133913575,1289.3481115581744,1289.1672732776515,1294.79586961892,1302.9460803588886,1306.500568213268,1298.1752718532305,1302.8412071819225,1307.9995972154045,1320.3345815282007,1321.0648058783775,1321.944708246564,1321.6348342144377,1310.1311556333785,1309.975018433892,1312.1244851035865,1335.6503724705306,1368.8891381296833,1398.379194997,1450.4690276947244,1510.4799423822642,1581.3395555428203,1620.5898248361639,1636.597911830366,1637.6711203937964,1641.155082807946,1631.8857345736114,1643.6915939873188,1643.2834945038715,1670.4469832579184,1681.8818605579377,1720.3336167590162,1732.5470915700118,1748.0655080112151,1745.0399428632184,1738.4168409994531,1711.7976593484666,1688.5885414056845,1665.5740740740741
78749,,,,,,,,,,1275.9832279611132,1294.2195795121186,1310.8542839315126,1320.0542467474256,1320.2936358945885,1323.251848191809,1318.96297436815,1318.090181725414,1321.0797265150445,1315.9287706067587,1306.9590678665954,1301.398244372647,1277.456322420596,1268.7152490402216,1273.3876583080016,1314.2911966010572,1344.5898909854072,1355.4538767476088,1338.0610977391775,1317.3171847819133,1310.6847329391999,1323.7328130111446,1331.9780028787345,1333.8460769216292,1325.0566179588798,1332.5951492843005,1335.2721499366132,1339.2445432209618,1337.8574890669158,1338.7483428815249,1356.9526147231265,1380.2061118164074,1390.7654227130813,1384.2230393830787,1373.595817229789,1384.2869565700234,1380.5744049915465,1379.3638307217504,1379.1499898310801,1402.5327479627329,1415.2768180751002,1431.0611821960363,1442.6021151683854,1468.337363168371,1468.5691868184533,1463.9255009465674,1452.7668838900315,1454.6092970274374,1453.654834892301,1441.9602017307825,1430.2503316774184,1436.0462118781304,1458.2736727390536,1462.547488767886,1455.7328111005497,1455.1652969891204,1472.8262296473295,1478.768430908777,1475.1591519350754,1451.6542553799704,1440.8052416900643,1443.3622556055554,1458.1287371706867,1487.4735838843542,1514.131452878889,1566.2912507070562,1616.731024349789,1666.7962554897335,1708.030550964977,1738.550466417218,1769.5369759107723,1775.9005622309273,1781.5814267148999,1778.3818074862259,1819.7384377093188,1831.4680932502868,1847.3892766777312,1842.2402348857174,1872.600461329744,1905.6057963450971,1915.7509067724811,1892.9735693853272,1858.6597506998407,1827.096319351203,1824.332867471849,1826.119047619048
78745,1065.8425148590006,1097.6105398317222,1119.407050520843,1131.1087593843474,1133.466659040627,1140.2344069758235,1126.2990021454252,1121.6703853798542,1122.6687279211822,1125.5230056756059,1127.969194393219,1124.5163588036335,1132.3758577166627,1143.7252434594745,1153.57083404057,1160.669830934323,1157.9826763269496,1168.124666972791,1172.1129528716906,1182.3648732451993,1165.2458360706594,1151.8339677262547,1142.4679752471045,1156.402153205347,1165.894024639102,1180.4579069779154,1186.0129974042688,1198.9036363918542,1193.7799186921015,1197.1433691833745,1185.3092599375755,1177.896721751329,1168.9944440378881,1178.7561415480804,1177.93316646446,1183.6742156949467,1179.9892693752804,1190.9045202723958,1200.321108967393,1216.3267632521422,1224.4476390070365,1226.5481438726458,1225.7126774278688,1226.0846996917753,1222.9734719107496,1218.8012445904171,1225.4415667042365,1240.7480437031718,1249.4245299082804,1259.3634028397382,1260.040818994068,1271.5746297514295,1277.244139185068,1291.5361340620175,1297.4684912773682,1293.3244283232748,1289.820015919539,1289.8699941791479,1300.1013569681375,1311.9171139557104,1345.4478160886842,1348.5862885022536,1340.583255524554,1314.2790608556786,1318.8836113917976,1324.712049255841,1321.3317555222884,1310.7862271087242,1308.6480325587465,1290.8339509822135,1295.780577454275,1310.2229613952748,1344.4278321874208,1386.3114493732705,1417.3926230718625,1474.7241191084436,1517.3908322942605,1583.0553840646694,1605.4570696875585,1618.476812983945,1625.1254047075784,1638.5481391686774,1648.6116402660614,1657.397955307977,1666.7243113576276,1691.979448198784,1705.1055295933775,1739.35979470857,1763.760482136011,1778.9176859137015,1766.4250470085321,1750.3689627555611,1728.4287280628046,1714.2353799886218,1703.7677790606042
78744,,,,,,,,,,,,,,,,1188.2684400307573,1189.8907827247929,1194.6717096018922,1196.8730090315835,1199.6214407238424,1216.4597350849585,1202.5917818600813,1210.5175229625106,1190.9239375927013,1207.9570154223582,1214.3120526551656,1230.03863984351,1236.2886691470078,1228.6219405694355,1226.1802991133925,1215.2337375807253,1223.2574259691705,1219.5645046958591,1223.7668242879818,1209.7085317371846,1215.0584220603907,1211.9632168444846,1234.7309537845556,1237.1489172194274,1247.0723869296687,1246.8443207109585,1261.0296681833822,1271.4076130491424,1277.7871155465334,1300.2343573055098,1309.262178265103,1313.972273506149,1297.0227301704765,1317.945541131091,1326.9861996741886,1332.7412971626154,1329.5903488692004,1345.4671380882444,1353.9247006914286,1342.8179880811006,1334.0619727496276,1336.5506148241384,1344.1356998156284,1358.091373089395,1366.3065447820322,1369.7500041541416,1369.9991306843974,1369.1910901362985,1358.291475749391,1354.1246785550509,1335.8366265032232,1341.3504164661604,1330.107452413824,1346.4031146454554,1344.2208746733165,1332.2691908057816,1328.466588868858,1333.2071170899605,1360.4725708043793,1389.947579973041,1441.18068899832,1512.1087006071743,1586.4707753444006,1628.7077778927521,1668.0829899232388,1676.429044601951,1686.530718577764,1660.1166873685556,1649.2634439686035,1644.7012114267277,1656.2736830831725,1702.98803695806,1762.2195442219397,1815.6324544615006,1863.2470631118485,1849.211904605153,1847.8744317206924,1808.5256125087965,1804.4221998213327,1791.1206349206348
78735,,,,,,,,,,,,,,,,,,,,,,,,,,,,,,,,,1348.109966791754,1363.2914615618179,1378.690357695407,1376.2875903793256,1376.2375830593471,1351.1012653502044,1368.7729332758279,1401.3621565519156,1434.281903378579,1439.1210661872135,1419.7426665267044,1399.641513186633,1397.4615507919875,1398.6999541971247,1418.0942928994125,1431.3442754502664,1445.1444826809166,1447.4781093974402,1456.266555490996,1470.9629190487115,1479.6676082297515,1489.4924509237233,1487.0754852789794,1490.5710015368984,1471.638254256915,1476.3800342039874,1470.8903582121698,1475.615948196083,1469.782977111866,1455.6676219060496,1440.5673728334327,1426.9681991086045,1435.931254821241,1437.6648374958365,1427.265397218408,1408.7249005881106,1403.3058689237603,1401.9283565945314,1409.4474667138306,1418.1532938941073,1446.6243826838754,1485.985392700773,1542.9719475826334,1619.7314024870022,1700.2701295620886,1776.132418861556,1801.1788924613725,1823.1827283567209,1821.071525422128,1813.5528866341613,1811.846470918728,1817.564748663519,1853.5034661308841,1873.891836736161,1904.337343730163,1933.4887200184894,1949.0674562444226,1934.8168349930506,1934.6838745362736,1918.7231733622602,1899.508020993124,1867.874292316608,1848.3317901234568
78704,1488.7382565631424,1480.9812933744406,1488.4855408246365,1491.0397879390616,1510.2674059855312,1520.8338609770417,1516.3224123996633,1497.9783745453235,1497.9509022518428,1507.932508197777,1551.7753821538095,1550.8611405793545,1565.3267681602515,1557.7876479867791,1576.28228632072,1577.5248160062054,1569.5995150611584,1564.2202070470826,1570.9437112851758,1573.0512060716974,1570.199304890658,1555.1051150673638,1543.3305532288728,1534.4483456184826,1554.757115535333,1565.9471555319344,1582.231124860464,1584.193953874946,1596.4277974877414,1587.7852720589829,1577.3342777395044,1570.9670625093893,1570.1165398205442,1560.5251625839267,1557.2827784141955,1565.6562808679998,1590.1864264896874,1612.1009252180932,1632.4862645083906,1646.4903521527165,1656.4645457909098,1669.4302988085792,1680.436161019148,1680.341076397611,1681.3144287759155,1682.8772818356954,1689.0302924784664,1687.373964623576,1688.1123074532281,1696.9707184677445,1716.3803837970192,1727.3272930011358,1741.5094364323072,1745.3402915059582,1753.3633663612447,1742.7562699537855,1732.395777110879,1718.72570809663,1736.8950148886622,1749.2995131939654,1770.7916179988172,1749.8466508167087,1725.1200598568014,1684.153809887552,1681.0090616998334,1674.0814895727406,1667.103871896574,1652.722367306732,1664.8326881109722,1689.8112534064755,1713.753662853165,1745.8157291844516,1775.3641480643246,1833.228136044305,1887.493250718948,1971.7345457818296,2051.328636873509,2118.82977722478,2156.843521303866,2173.3713687305635,2158.628131437713,2142.0918974551,2125.7350840998765,2146.889739163424,2176.804193744982,2218.6182730205537,2261.0753692156104,2286.233807525066,2314.562940675148,2315.714146936984,2328.1806482640395,2293.136403809941,2258.59003772219,2214.0958131185275,2201.724946591932
78741,,,,,,,,,,,,,,,1142.595253014816,1145.108188493522,1152.117444707165,1142.9191601151372,1174.4583045634445,1173.8017895139576,1175.6090251808912,1155.1918975089584,1146.8148791017109,1150.5553787466135,1158.764460769523,1171.8206499775529,1172.4884451022665,1176.92167331253,1183.874631993807,1195.1565642837647,1196.3075642409306,1184.3398652577284,1177.2634410746855,1167.7942727108118,1167.4859365308114,1163.6515128047515,1172.1968474812652,1180.8665468934732,1195.4747044948865,1211.7854141454234,1230.5343150848325,1243.6883139279585,1235.6621210528415,1230.865083088063,1228.3237012251748,1230.8296713070092,1226.5945660607838,1219.7033680230804,1229.253868786021,1245.8785153243045,1262.5855285942564,1271.639401614698,1275.1000107527686,1282.198924133368,1271.9827558691927,1271.009073445562,1256.7763029504445,1258.9669042228709,1261.0950926163189,1273.6135032439336,1287.8441352991424,1279.626599291909,1260.3581818943214,1245.6948370719947,1252.162978801718,1264.5593818543334,1263.657723246751,1248.2837040189518,1245.8781889833451,1246.5504768995895,1252.5843059440542,1244.920352059917,1254.2113939964595,1274.2278728424005,1309.1975498971472,1350.8168783135761,1405.7460582213794,1458.86123416043,1494.8491554126342,1510.0700467704328,1507.729640770073,1526.6123611873832,1526.4193210772225,1522.7898727453053,1518.6266531234937,1550.1864741677252,1591.0014323112396,1625.4919697815305,1648.3604377926956,1655.5890977936172,1644.4086127783319,1620.3548376934225,1603.7443703229858,1587.3954416900626,1573.8024431123704
78733,,,,,,,,,,,,,,,,,,,,,,,,,,,,,,,,,,,,,,,,,,,,,,,,,,,,,,,,,,,,,,,,,,,,,,,,,,,,,,,,,,,,,,,,,,,,,3103.006710105369,,2832.5
78746,,,,,,,,,,,,,,1295.5057478102187,1308.6256901574352,1337.8650310110174,1378.1130160342057,1316.3165562649506,1342.2177687305398,1325.0515850570869,1412.0834414958856,1373.2158410495056,1410.7228011593033,1413.1952161680151,1424.6904081494706,1421.9681958070678,1465.8831653719315,1482.7679199056015,1482.426164246397,1451.2708746866929,1424.892707335722,1438.6413962157972,1438.6411179122254,1466.0962750780413,1438.8765551482738,1435.3861127244622,1418.8350424420018,1439.305166442976,1481.7761234602924,1524.5711500019775,1550.4581995719816,1542.6610960206594,1541.7346494732128,1536.670656800583,1536.8522993923666,1532.2156467804464,1526.7346516535029,1548.447506626714,1559.6267693614075,1578.9586229023678,1578.8586397145166,1598.907279379365,1617.3582030032028,1637.3895140965783,1644.3194215807189,1636.620994179187,1624.5967145565726,1624.5886124489507,1619.259038494113,1633.0741814525604,1618.1186506446088,1618.8776767443399,1582.6650215983393,1588.5138989711895,1599.6795839877325,1614.066709423013,1606.8300712747625,1580.4028718428697,1570.1851809292548,1583.1094333215494,1607.8668921247775,1623.5345915711246,1640.3192406243454,1669.838917339134,1737.7140606575351,1806.7223277480173,1902.0794444349758,1986.323080083465,2055.055820107179,2062.9521718920905,2041.756969091206,2007.7356624401345,2021.31684678971,2016.1180312456768,2012.5555398695185,2002.465184753641,2034.4616683363172,2094.567156703328,2133.2192140127645,2116.553597892595,2092.703864943925,2055.7857235947445,2044.0829176876289,2058.674237059237,2077.6091269841268
78703,1869.4798056101856,1852.703220070568,1907.966465184687,1927.2997037478005,1963.811131997348,1952.403526160904,1942.7521032175089,1906.4657193437147,1861.1892633428226,1901.1568454107835,1909.2193849731912,1979.0857038897595,1968.3078696215928,2021.8959341027216,2026.539151825064,2027.8186587801347,2041.2036413030569,2005.6584405933245,1986.4462831308301,1954.8944335380904,1944.6831430251764,1959.9139022078766,1979.8200098040134,2020.9333030238568,2060.6007108399467,2090.421274449417,2107.9365938321203,2080.60681060971,2056.981584722125,2041.6391801131665,2022.8130126407432,2012.931181817081,1998.1653408843151,1994.145453917724,1979.3440152797323,1992.8112738701511,2021.7804737223385,2054.2955704357664,2076.5629964754003,2095.4812964773864,2137.8005271732777,2173.3668862079094,2181.2675471561165,2172.2972662065717,2177.301138619708,2201.196620197491,2215.9332458898944,2213.271911355835,2219.1761514422105,2207.9330634384464,2219.3182085616745,2227.3845967768666,2258.058065599494,2266.4248058355165,2253.568905454755,2236.166458083018,2212.355260781981,2223.6780440260777,2232.8095996273937,2269.259749344992,2249.5566583901327,2254.9304374125777,2206.7469266295016,2187.776528736773,2160.4721070520577,2149.531699035756,2137.727889401332,2124.742823264972,2151.633231785834,2194.0027883524044,2242.3961970288383,2305.0246153542626,2378.327002487261,2452.5140275640133,2538.637480826394,2590.623541935256,2698.0023798955913,2743.3817455052,2761.894478846414,2697.1790786494603,2664.0041342647746,2710.919251902872,2745.017139619209,2774.7648764169776,2763.2952478908105,2817.911723467669,2920.6694653037202,2999.6637084182057,3039.0763480989476,2955.019274293173,2963.116753800292,2911.551735164848,2943.73361918104,2917.986920117733,2910.5045893719807
78701,,,,2380.7788969779936,2430.4548017221427,2458.931060187673,2464.6158205872102,2426.6468111692075,2390.998727938128,2386.9643457185957,2385.933292425649,2405.174535776275,2415.202828382771,2430.6825906782738,2432.6096550546645,2432.709975822836,2367.097449191757,2350.278188253719,2325.4089353385602,2359.070740538474,2358.023137337372,2359.2607163411976,2329.169992277973,2337.7570828673915,2360.835992359894,2397.777139462927,2410.4806371457016,2436.126012146659,2449.3605169905845,2462.0679424961977,2429.526189951493,2387.543728643172,2353.9019561734563,2358.60000108085,2371.497708106577,2375.041734047037,2391.2535502458827,2426.235700692861,2466.571182478521,2506.561840963158,2549.411054188319,2589.104792806297,2597.761519428623,2599.27475370751,2604.0129378015617,2599.3007927249914,2601.5252257827924,2626.563687196697,2665.0173029937077,2678.7431216533496,2651.274910538401,2629.609945614113,2608.617570132495,2591.2728573653862,2577.098212141782,2560.266872932099,2579.252680915239,2582.961159227615,2607.140652222569,2589.737414874461,2616.977949496005,2589.01140251888,2556.991918088884,2465.7613410929744,2424.33586021099,2383.964327630434,2351.776367944349,2336.086399055458,2334.328834930805,2395.8634732358537,2470.973789614222,2571.2860749522088,2647.1848308078243,2734.7063733978744,2849.0906329792333,2940.175328261526,3045.5836307079467,3062.383661602791,3073.360674222439,3054.2319876411134,3026.928540286201,3046.646816711864,3018.531180841117,3072.3627520853456,3099.888938599041,3190.821463865135,3242.193262829977,3287.228615969798,3269.856863373593,3232.196124922698,3175.6347511455438,3154.318391282801,3106.9722821614573,3118.173249683821,3075.787252039303
78702,,1350.082028843847,1383.2602144289895,1422.4086364237814,1437.2554387715847,,1399.4413209534182,1378.9387070637836,1365.4281190282215,1418.8618957908207,1437.9688849265142,1448.0468206199246,1476.730499952572,1483.2268531524646,1511.7589205569295,1504.613420402551,1520.085740890111,1492.9018121017739,1483.0844681162603,1470.0170050916995,1523.5932882280724,1553.8184758492605,1547.1973057504536,1546.7283752932592,1567.4579697651575,1615.1928580064175,1628.3775514479632,1624.2499102669503,1610.6121825274795,1575.2965768829058,1570.1854319840656,1575.9828023068055,1612.1914914237163,1588.9144239620218,1578.5279598366144,1561.8724938217026,1574.660246167979,1592.1990979507586,1602.281333474705,1611.8944123066954,1621.3745033220166,1638.2754578851318,1678.1193118409801,1689.2944899344932,1701.3513668101111,1694.3730807161612,1724.8495840889286,1716.815200891091,1729.0275228433152,1708.2327656631107,1715.8383295490264,1719.4010532197879,1738.4907162385955,1773.0149598373034,1796.6946086473745,1828.53249480688,1807.3820703156507,1795.1397827620096,1763.0993017240162,1781.8727605568554,1791.2827093901408,1801.626120400873,1783.249784809041,1776.4849756693916,1763.0124084699012,1758.2305862698317,1727.6376242654903,1690.038867030373,1669.8877920438706,1684.5927200650162,1719.1703547953,1746.8831915616925,1797.9353238525782,1859.912304492249,1926.8209007161847,1983.1222465797118,2044.847533513803,2091.821645457575,2129.7866474397542,2142.743503932682,2157.892870670177,2152.0645493178563,2154.189923346974,2176.3264540588234,2211.268699159892,2239.1292417900704,2270.8673822903984,2308.119834264979,2342.543356625581,2350.361727531192,2328.800945785132,2273.401878876532,2219.454692445292,2184.0578015161013,2205.099642255893
78721,,,,,,,,,,,,,,,,,,,,,,,,,,,,,,,,,,,,,,,,,,,,,,,,,,,,,,,,,,,,,,,,,,,,,,,,,,,,,,,,,,1830.005325653724,1850.7342958416893,1878.308955627313,1932.223089108743,1966.4847956916508,2045.5073716727984,2054.5999483975866,2087.212306966423,2032.4967494154125,2006.4452720669312,1971.7038628651464,1957.6049148126513,1977.9036514199054,1964.611111111111
78705,1391.7177512870246,1402.0288037534435,1440.7163908412426,1445.0631956486602,1440.980826873252,1409.2714758389473,1404.5840379150552,1391.4837021633655,1428.8864731682156,1434.7264920839084,1450.8862779962835,1469.1822799652468,1500.4911521658476,1522.277355697833,1504.999385514088,1498.4001923495948,1492.9883296756118,,1396.229813078821,1391.0113379987536,1401.284231354804,1437.186662212127,1481.3223177523882,1625.7803263713515,1641.2604166101962,1680.88744916031,1681.8952415451795,1692.044910791022,1679.635181183974,1656.8343262101835,1599.2616635468128,1583.3635975994907,1599.5379909731662,1637.1804204223083,1647.710779643679,1645.6222263520035,1667.821599066166,1685.3058054022822,1722.426041795807,1721.631417464747,1769.702697443589,1740.916181031615,1740.7938970220862,1704.741776062002,1741.663997689708,1760.9905881831564,1777.402675682435,1784.6273690039984,1785.3715992720263,1783.3493116810096,1784.8302012519712,1795.9823298424726,1791.7996346456534,1771.997827910059,1783.5580047490046,1807.0480238447349,1858.2800307107766,1846.8101950872501,1847.5517007671206,1845.0636105940218,1866.7252577554666,1860.891220178692,1830.9341670498984,1816.782384465912,1809.3835299682282,1802.7994301184895,1762.627359759054,1724.8899179514885,1731.031003517849,1755.0295275631836,1801.4696742746967,1812.717547013069,1833.5367870781413,1844.8793785145224,1864.4263229637008,1907.139308537188,1946.9624699178528,1998.7662424344628,2015.2238346399827,2045.1932223014346,2024.880636791167,2078.7094386664958,2051.156621135978,2111.2897883403148,2102.331630391063,2165.7011829655903,2205.26621195448,2276.1036171439605,2354.831936060445,2411.7714171400507,2337.1208023929644,2254.825946072257,2183.7192789599053,2258.355677093027,2308.0942028985505
78722,,,,,,,,,,,,,,,,,,,,,,,,,,,,,,,,,,,,,1347.5104320935989,1352.2668229925698,1367.1609480177972,1391.2001908616874,1403.9097911853296,1414.4280533803205,1430.471024230833,1454.5940482699182,1442.1469780290302,1398.2115340944413,1402.6049861049578,1418.1762596749359,1468.1600027269599,1469.7189454727431,1476.0424631135727,1488.2099282988452,1498.8604476397559,1512.2629795154364,1505.2247750532847,1490.7461889337876,1457.0366017383549,1449.8606079736069,1479.1364942661746,1520.9288187340453,1540.938533001235,1510.3847043091491,1489.937685770012,1477.0904462832432,1480.5856097734372,1462.67859573207,1461.8226517548005,1438.902869024191,1438.414590336857,1408.9553583071108,1397.6789788310875,1402.5584842634696,1424.1381541976984,1471.8221983156309,1544.2172365541885,1612.139386003821,1685.5828942322378,1713.9892433129935,1739.1282185762534,1738.349374879326,1752.2690392741156,1779.1830550079858,1809.3984525040357,1829.3370296896078,1839.067205233334,1850.018213997061,1863.1522426685347,1903.0569575441125,1907.2423661604291,1927.8956195196408,1953.5918848773165,1936.8116923111081,1928.2383385042895,1845.2076293436785,1875.9126984126983
78723,,,,,,,,,,,,,1092.2024945660123,1100.8248151250232,1090.4830282826415,1081.3874332376834,1079.628248093262,1087.2070891175376,1090.5822129810183,1091.6253847110154,1065.507405691973,1061.4273189628016,1060.1465548548906,1091.4654256633971,1122.379533749634,1136.925341455582,1134.4080847167293,1122.8703362343877,1124.7950177039284,1132.682669240546,1123.7847124309203,1135.7322144035747,1139.473261691517,1160.976052545533,1140.3129324741478,1144.7425329534951,1156.2829078476873,1183.3049366722196,1193.825337605898,1186.8740675892586,1194.2438343919064,1200.0520438897056,1194.091848069511,1193.290673187173,1191.8954815346608,1210.3504972568064,1203.3573709032314,1199.3059951003975,1214.5159593218755,1246.0641706858341,1267.233070346499,1267.3622122214865,1278.0387836519656,1286.6759941120642,1286.6144135444565,1276.467447204278,1286.4101138890462,1288.4940729588284,1297.913840072813,1293.0998142885471,1350.3300035642355,1350.969554599674,1351.9043758833388,1309.620954427883,1323.3415880468262,1334.4531049384184,1333.3442244834378,1316.0341272052492,1290.6565847278584,1298.2617913924232,1303.9900657743124,1318.5565163100273,1322.5951694917298,1341.863047365849,1388.5177712247198,1465.6859598865958,1508.2612573387858,1529.902289939338,1502.8852514770135,1536.5209679599923,1574.3216338289853,1619.6548479027356,1607.7826138685075,1633.0136189749444,1618.5099298635498,1652.6559548523278,1634.894048755978,1653.1918955975589,1637.3201792392445,1630.8559428364765,1626.7533072549927,1644.1939891570871,1661.9748680661248,1700.7941955958215,1701.2882352941174
78751,1319.9747149611635,1322.8607405221053,1343.0001020481227,1350.6980492579362,1347.4740564652293,1349.380684111379,1347.849093434104,1355.7831186808596,1355.9814159531406,1351.299287436619,1352.958826945118,1355.5351503015293,1377.4838175779112,1384.609996256497,1401.530461378598,1390.5545225253588,1390.6240379760445,1384.851174201872,1364.387908124818,1353.9211948910745,1346.2717849609478,1356.9111622646558,1371.7929437757593,1395.534391718433,1411.2128548013022,1416.6343685132208,1412.8284410506492,1431.620170377692,1439.7628844875353,1431.3158482787915,1422.029415309215,1406.6912996363874,1407.9186770930787,1416.7433656280068,1429.6772618364996,1442.4517630961634,1444.8883946035244,1449.964218238847,1458.1095989254407,1473.74403665151,1491.1782726983265,1488.7801782529943,1484.4358158010584,1487.1029238804376,1501.4561435832447,1504.7230179294993,1520.9207749480204,1540.9680347669812,1563.8349627960674,1558.9838145133533,1551.1638806891062,1548.5822899755667,1565.637148396208,1586.3527255951778,1596.49223671068,1583.2974266480755,1579.7414558596329,1562.5370676320495,1562.7029421658142,1556.4248801142028,1587.8031411671107,1593.5148150161829,1591.4301003752435,1581.1082732736395,1585.7700528384164,1559.8634735585706,1509.4883493976904,1467.9640245032267,1439.2558029090899,1444.6316787151568,1466.0723264782325,1501.3419196815241,1536.1046810881178,1565.508185561169,1625.5392797195948,1705.2450509565922,1794.2971032020068,1851.2997967820602,1856.6660696576057,1825.500859603225,1814.8613473954085,1820.9801130645103,1833.6258754657251,1857.978446845387,1878.966194486376,1919.8111954698809,1950.1978728558865,2010.4788444312094,2026.3154135268421,2035.8157567747485,2000.6369746372518,1968.4288789554143,1923.2807474942224,1918.913932101207,1940.9243773390122
78754,,,,,,,,,,,,,,,,,,,,,,,,1161.6542789984314,1175.611931254452,1171.7342581129262,1168.2618999811004,1187.7186671294835,1193.046348164431,1199.2487158845092,1182.5992614977488,1166.8713285859433,1161.494700405529,1173.1112282821034,1197.6274723345962,1203.113902649076,1191.4941116357809,1185.5247693265599,1186.7851209042835,1205.6809727136474,1222.6791778047395,1220.0648306164408,1208.0819614761506,1195.2023621651413,1221.3769947947126,1213.6707147736881,1215.3410784237542,1206.2107992534568,1231.940315141627,1245.4385869772839,1247.8176556078106,1260.377973876243,1272.8042733299005,1300.0237208493104,1289.8263465067662,1289.0005732476798,1261.6728268492448,1254.3533379445225,1251.3245282507796,1270.687219575633,1274.3499294379394,1272.887819080961,1259.8785628153587,1269.872268079223,1266.3136964914436,1254.8006007145946,1241.9624798056075,1230.651642315995,1244.4549923152013,1242.7142606755795,1264.4641422092955,1264.9250550928427,1283.5676096170655,1286.1722430386442,1313.9712712288558,1350.9092740550889,1409.9372491186373,1472.1087416700998,1512.172392857962,1543.0262734634894,1535.9418649401143,1546.2310407594175,1554.0980990447104,1566.2361674437786,1576.2123459967688,1588.0106102569823,1618.2956313018954,1640.8035362245878,1631.2962465335763,1617.382757612976,1610.4203385811575,1607.918983186432,1611.2885353123313,1594.7762526645035,1577.0707282913165
78731,,,,,,,,,,,1261.4266396348942,1271.3466193705312,1281.1910803595356,1302.6748138089113,1297.3178315060159,1325.3886527268435,1338.5074041592366,1333.9838088982435,1325.7397916344698,1306.8925612225255,1317.7821954015265,1283.1803216866008,1282.8662595441874,1267.9254346667144,1293.0624573127627,1306.9032229717184,1318.124883511599,1337.8172534982384,1355.895701890713,1375.2337816990064,1370.5506784581005,1336.5585147353393,1311.5973864138161,1297.6745110360812,1298.525220222126,1303.2833943807452,1314.470619675544,1335.0109894017532,1349.6667552342144,1368.2724235501353,1395.883103851401,1416.724970406211,1424.3264831912354,1432.5553035897958,1434.926066619064,1419.1107216019648,1396.3060606421536,1393.248408668725,1409.1267503794056,1441.1237377598536,1464.6559396324967,1488.581512766189,1509.3761807375504,1524.4563367228184,1524.9639888869751,1514.4485005970969,1512.319548925039,1521.9755941132667,1516.1252701366548,1508.6775425485769,1497.2274284200453,1490.694351033436,1478.4309932024364,1489.5416320452532,1478.5091322591218,1467.3749670103666,1450.8542385798792,1471.0237521892625,1480.1638632502106,1467.364614899627,1482.4942282693219,1483.6906399375555,1522.1173296461511,1531.9696784819862,1596.2681956744643,1663.1761048909452,1736.2720688970462,1789.2065011306445,1797.1730131864645,1794.435838888493,1791.598657810174,1810.2482650512186,1837.568365021067,1855.326975713521,1838.332702284539,1838.7420545658213,1853.848949607796,1897.6746206453308,1941.404372412349,1973.269770236192,1961.7460698861441,1954.8074873624014,1918.1774858371718,1937.367602822093,1909.6517255892254
78730,,,,,,,,,,,,,,,,,,,,,,,,,,,,,,,,,,,,,,,,,,,,,,,,,,,,,,,,,,,,,,,,,,,,,,,,,,,,,,,,,,,,,,,,,,,,,,,1634.2916666666665
78732,,,,,,,,,,,,,,,,,,,,,,,,,,,,,,,,,,,,,,,,,,,,,,,,,,,,,,,,,,,,,,,,,,,,,,,,,,,,,,,,,,,,,,,,,,,,,2420.392206641462,2345.120874453367,2444.5185185185182
78726,,,,,,,,,,,,,,,,,,,,,,,,,,,,,,,,,,,,,,,,,,,,,,,1183.6654665877195,1180.6165558338655,1187.242623082494,1207.3170672019894,1217.357947908412,1229.8342192268792,1244.8997232260606,1272.3181869522812,1271.4153914020562,1290.6114540345104,1285.8984802366408,1278.2064839698264,1249.9438232392044,1242.7185049098011,1247.3146253170464,1258.173203677863,1254.394081046042,1266.9939825424278,1267.4992396049056,1282.7647375255915,1274.449352315328,1288.5219208866033,1258.4764170576525,1257.1656191872744,1238.4514871334156,1259.852614905103,1271.1045504659492,1306.9702752393794,1343.2376396009672,1405.4940124183552,1456.3282076921616,1530.9535133344389,1584.0137567059655,1612.3524889045145,1607.4874665723403,1614.6148698440288,1612.1252801293506,1604.6605809270245,1566.1261916224564,1567.9562732983713,1611.2221917222744,1675.3294705195685,1718.4670564160958,1712.9066055214328,1705.4671757668716,1692.625586028251,1681.3001790513586,1649.5023577867146,1628.2335685227563
78750,,,,,,,,,,,,,,,,,,,,,,,,,,,,,,,,,,,,,,,,,,,,,,1186.7645898245125,1180.3983019857014,1179.1998391178383,1186.4591945537065,1203.0125413494513,1225.7633741986906,1247.5815957983161,1250.7378187503168,1236.943356058727,1247.4886960482636,1261.5124137037728,1271.9120469035809,1250.4741986048111,1257.613172071008,1265.6898522646284,1266.6126508199966,1264.8860228851229,1261.5761235212606,1268.1376060178775,1259.2468138896804,1245.718580333304,1251.9913651552886,1255.1052698614506,1261.9075204976066,1266.1352123805268,1267.6447740593712,1274.627853341,1272.8624222065187,1288.2371723233928,1324.2985092939693,1370.2540247855518,1421.2438791757716,1487.028735247843,1523.6155718339107,1546.6810689282693,1531.3987014859827,1545.8454187174616,1554.9354196273919,1574.1823345450434,1594.6071536220584,1627.8674320730238,1639.4840590451486,1643.1057542609235,1646.6602750658326,1658.753958492854,1640.1862326388905,1616.1718734212768,1610.9195674558566,1616.944724840919,1614.6253561253561
78759,1050.143536423562,1038.103065717311,1048.4723550071685,1061.981577912535,1088.7364941236501,1109.6870069949714,1110.0958390294454,1114.1653067653099,1097.0685899605655,1092.7934364240766,1077.0740588732856,1087.4401475340544,1090.6455058291942,1111.976931968696,1109.0848768950314,1125.769520266309,1133.234018756059,1143.7380342091062,1134.2013714554232,1138.8392001507882,1134.568902916615,1132.0460781616875,1128.6570759853205,1125.3569276189257,1139.4489720265226,1144.0359775741615,1156.307346204086,1163.1356853468253,1162.2792273237164,1162.4398086020426,,1118.3264940244703,1108.3450180086056,1123.617996224502,1125.5373450363716,1134.3501144460015,1152.7132666946989,1157.8610599394956,1168.5199179555598,1185.9037248897655,1200.371330909215,1207.1401134989305,1202.7349409052847,1213.1135416622199,1229.602271422244,1242.954178185416,1235.7798890780991,1240.8573980463182,1236.8277494428728,1242.3314258854339,1236.5453845753166,1257.9384804506687,1266.9677093703986,1265.5610961091154,1268.1869732154712,1286.1113057238554,1294.506192346561,1296.4194481318175,1278.8157869064348,1273.042723578096,1272.8424039848082,1267.132415513393,1256.8457135711985,1232.2637643364972,1227.49977784816,1226.7360511130305,1211.6496357378014,1193.1592641247098,1186.073457587069,1180.6125186569302,1184.9981514375936,1190.376299368887,1220.8317297506376,1254.8973831512562,1306.4980052014726,1356.1561748926215,1404.7624760483,1460.6143844584344,1516.607985265554,1558.791853346789,1561.952589264363,1579.7523720703525,1582.6604297497684,1591.896744721628,1572.2826769140977,1570.83550720069,1580.9748402697094,1612.1820207972205,1647.8489464864654,1650.7980128103407,1650.0951619686614,1655.9467927301898,1657.7876006276788,1657.6609114522028,1617.1984126984128
78757,,,,,,,,,,,,1477.4658473103125,1492.712292437101,1504.1660769699497,1511.381108483419,1518.0097148026862,1539.2470948027435,1532.1916261646134,1534.7548796551334,1517.2442779193454,1562.861720125788,1560.0633791174805,1586.3452275839072,1569.1616417109494,1584.3813504208206,1582.3255569159369,1566.1977863015766,1589.323432727036,1600.6840864056176,1597.3242550698233,1578.0374103884697,1571.325962061244,1564.8253172185398,1574.0676902221487,1555.8016849320966,1578.538310732919,1575.8707175813834,1605.3950881245223,1618.2579569305249,1638.2786119561292,1645.3426821706228,1655.0797339372689,1685.5156029301795,1687.5369206452067,1677.7621479818022,1640.8858727903962,1658.6119099853327,1658.440272520278,1671.4393044491214,1670.967155139221,1698.690888942551,1725.2660440245288,1751.3466814759106,1766.2650588526737,1773.2449562814584,1759.7487920117348,1749.626682487004,1744.132513599803,1732.767931696983,1716.9437294437107,1717.3629610336386,1728.013010472927,1739.1695762701306,1741.5610801344546,1736.849240925224,1744.3260640831425,1716.889328993056,1717.958158382674,1702.026718846525,1713.7540979750281,1699.9537976845654,1718.394419880776,1741.181399962177,1778.461091202342,1832.2910297890176,1895.4326487883395,1977.834164268089,1996.1322644869397,1996.270883381828,1985.4624347302206,1987.1590854064875,2023.9780542924482,2019.7919213119574,2067.147510011677,2055.9905180741907,2101.602223120415,2123.3912234879385,2179.5696074783123,2215.510818754989,2246.4561890154087,2263.58520179916,2240.6197710544393,2168.0582100189176,2155.7187887517707,2149.123809523809
78752,,,,,,,,,,,,,,,,,,,,,,1283.290573592666,1283.180388663769,1318.3508208465896,1336.988662309946,1353.8713324734156,1349.1068891567309,1347.8193109204258,1370.1924149357394,1384.992159272936,1386.9486552624735,1382.5182773193105,1368.3755835638972,1375.9820560215185,1338.0496715347188,1349.629625363942,1371.954945579258,1417.363476484486,1441.5386130360916,1438.6377324934058,1452.096188945636,1449.4398280879764,1428.185865931892,1416.0440958720587,1420.6454533482001,1403.5511099366609,1404.1530038237438,1385.2014000753684,1408.2902903273502,1431.2622521420997,1475.7636295473615,1509.5037529242184,1505.7041540202883,1497.6443022783426,1494.7219098492005,1505.0976644230032,1504.8555390997144,1508.823856325912,1501.7564537638266,1496.3409455904014,1493.5546521508436,1486.1060204134667,1477.8364094714154,1470.7323473039871,1469.3742174958315,1474.0199848183365,1460.4894738083508,1451.2767283644314,1431.2226263388914,1439.5329155769534,1447.1503353999435,1474.656322691545,1489.0143576630312,1509.661781289137,1540.0211177667095,1559.4987449528473,1594.8550274786044,1609.7308878942413,1650.9525243661255,1653.2581512050158,1685.419006843684,1698.458558283949,1734.7802057744275,1755.7325888102318,1777.3475375707555,1817.817208210589,1845.76537263714,1855.97026464458,1867.808166297354,1872.6557934672207,1865.69628704982,1822.2435464131845,1796.7875445726847,1795.603492125423,1811.6998746867166
78724,,,,,,,,,,,,,,,,,,,,,,,,,,,,,,,,,,,,,,,,,,,,,,,,,,,,,,,,,,,,,,,,,,,,,,1450.4142053771484,1461.1495520638323,,,1520.6496114520987,1505.1719782786456,1502.933928945549,1488.4640635935066,1539.5395805320181,1619.119786491311,1674.6708368542647,1705.232345976669,1701.9041159198282,1688.1777020515713,1685.897902158122,1705.2136655705135,1728.476569932279,1793.9329343477289,1884.1146657326003,1965.1563701792245,1968.9768120854983,1925.971713493597,1882.2348795984008,1830.3042246119696,1807.5199205158133,1782.638095238095
78753,,,,,,,,,,,,,,,,,,,979.8657254866368,965.1931801041553,963.6673883206745,976.3237952604795,1002.1042300802836,1009.1296731004753,1011.5447515942368,998.2623259607919,997.6685545194713,1006.7698082175349,1025.0130905929034,1030.9163427006742,1030.02223793372,1013.2217912627568,1005.451777964258,1019.7311106868367,1023.5222227283234,1018.6237616640924,1009.8256430728533,1021.8197017484455,1046.4316919659627,1051.4860217130458,1042.4243216176887,1044.2367009689426,1047.4563609353606,1063.9848024228972,1056.242672219988,1052.8927303733194,1052.1536779904636,1062.8121263413816,1083.8674881237594,1095.9486917555107,1104.5830262093427,1093.1248681854834,1098.0301221330096,1105.008027437965,1131.545171319929,1144.9386058429475,1146.013575239129,1168.1319276890902,1174.9034171830126,1185.9873978613714,1171.192300029638,1160.3947013464187,1154.5089187507879,1136.6620252411135,1133.6428215829997,1141.0829377805755,1166.0950476566181,1178.2411425588969,1176.242759326259,1162.6299750776836,1159.213143344699,1170.3242417278054,1193.004783669552,1211.964994804716,1248.3014211010773,1272.413040542279,1304.7075903296072,1337.8171348330995,1376.6399866129584,1390.602580877236,1401.2876354334167,1411.6592715375116,1433.023671051138,1422.6936805633454,1430.0792198309155,1438.8803728250894,1450.7001800842106,1474.5228423278666,1519.139301891496,1563.7560873440038,1566.4284935752764,1559.7931557322056,1545.274797475792,1519.325351421415,1525.7199338927026
78758,,,,,,,,,,,,1183.6811481253758,1185.7195728993538,1184.3633979084075,1194.9670086055926,1192.8592859274424,1203.2947888699964,1203.4975069181723,1213.2761941136391,1221.7421488843968,1232.658856076667,1222.356697695064,1209.0812458796433,1210.1285928134794,1221.3288400392564,1229.5937589727912,1233.7097285960206,1236.1859357818307,1245.2193059489673,1245.6666545824753,1242.285777530179,1229.468156168071,1210.1631060242419,1195.0975520377715,1189.9370005357225,1193.8332832807964,1215.7878256344645,1232.2238507812515,1249.488366204792,1265.972843622566,1294.5160898357578,1314.4394321712355,1314.9625718693055,1295.9479448442228,1295.8764293800527,1293.750248672355,1299.0190236745655,1297.3492585264614,1314.2725963184355,1337.457350694742,1347.6079763237756,1358.6171846469451,1368.7954458200427,1375.0741400344934,1359.8432085719048,1344.2184975857215,1353.8814559099776,1363.2039618846864,1369.479120488149,1358.6116433720094,1376.111483154017,1370.170521025863,1360.0932540141853,1332.1072960939275,1329.6667937242066,1324.795487309704,1313.0124052754468,1286.899464031082,1270.235281132492,1268.2549268675127,1293.384110909231,1317.5699306153572,1352.4968563684681,1389.500097400005,1446.8980551228049,1509.3696680244454,1573.2839181155705,1639.4834284244398,1676.2938865537933,1691.5896041456704,1671.4791745659738,1668.4493999337603,1656.5212735787454,1676.412819127159,1691.8086092801434,1727.9164061653705,1761.5410335917054,1798.5377104865656,1827.949573599203,1838.328651216864,1835.032159903039,1801.1380368206978,1767.24532962315,1736.352492664943,1734.3015705173195
78717,1298.037050682448,1300.114579298542,1316.1054480978976,1329.4699721170452,1316.411659350875,1328.0387465552585,1314.7540315837462,1334.6079674465452,1309.4916231284114,1312.2972542591178,1308.1113498249715,,,1325.9999647007562,1341.6626225361415,1359.8396953729748,1357.5502181834358,1353.0431339139384,1342.3997816280012,1329.8508122954554,1312.2169538953451,1300.4668956537269,1298.4276529599167,1320.1184257340988,1336.551500065901,1358.6031806677966,1358.3453177831045,1354.1306774182985,1350.439543197593,1339.6530394066685,1326.5502047831042,1318.228534751991,1306.1013584038901,1311.459461359152,1305.7242441037774,1305.7148713514553,1310.617645818152,1317.7880444627865,1343.203311266402,1358.4193714005226,1373.6403478042141,1377.7406221097613,1382.3016152754542,1380.6358824021002,1376.6477456325533,1376.4217994785865,1376.9273437369054,1388.0042098339554,1384.0130406530127,1389.3399166819356,1401.4240011774716,1419.7378916904966,1443.173931440301,1448.9338972751618,1465.4384032859632,1472.5015868024154,1481.4861284748815,1485.523467880324,1483.360031656948,1473.578938220861,1438.857114268287,1419.2981470862626,1404.2965872151713,1420.7388294360528,1425.4967467817658,1441.5412475079795,1444.1857668125167,1443.125856833477,1437.5641905696841,1434.272162153597,1439.2533491571537,1451.874018642639,1469.1578985897645,1503.9263815492995,1546.4663622275339,1614.1008880746995,1676.8800181857723,1731.6240796940774,1763.1658024943874,1777.4708613290086,1789.8416290757364,1797.6953997873898,1776.4498904111701,1774.9072108781436,1774.1972657360454,1813.4798193537088,1851.3876077212296,1882.9959427252395,1903.671280429903,1904.905543974024,1892.8306327058096,1874.655173060119,1838.5257846014945,1823.9271523807085,1826.1142970927915
78729,1084.3324539127213,1080.7566064663777,1091.1647727059594,1109.3280995442487,1121.4235554973939,1119.803245093983,1124.6644398352123,1128.0898999020608,1133.5236166427574,1132.1068470839612,1128.0389609608021,1123.699141680688,1130.1528096463405,1138.2871026567827,1166.2908812605008,1174.0081390973191,1180.003095358346,1160.80392895793,1139.081130633708,1132.1233515677545,1125.6295557258952,1126.5617155639036,1126.7730388820735,1123.4328740361104,1141.9610535041568,1155.4640132978982,1166.8712442085455,1166.1798993169816,1162.95253274419,1160.5624295631442,1161.6052846164414,1163.3151268772992,1180.7114329383726,1171.6164360848109,1164.3150898786337,1147.9329234269846,1150.1301043927851,1157.3082879810195,1171.0705928429086,1182.4817788749792,1190.7329686677929,1200.2714755324396,1204.6076949262392,1200.5618414073074,1201.1908505817762,1191.9356929075273,1191.8089582083646,1188.4508637352644,1192.4040068902991,1202.3935974722674,1205.6532866210907,1215.9288380730734,1224.3481762846106,1233.7567121354075,1241.7651461579628,1245.0516665568628,1240.131456975634,1228.1179688219995,1213.0938692292552,1217.716820780186,1226.6664689799895,1233.3270485103756,1223.1701538825052,1214.4282232631274,1211.5353291534634,1213.2253057340934,1205.943755093111,1208.2458383778126,1205.2163137137281,1220.811454005322,1221.5824026433147,1237.1380778258185,1238.8039441320755,1267.832447391515,1301.8062319866956,1356.864857098593,1404.5930563360998,1461.3349378737282,1519.2427388966712,1539.0776696539026,1538.9729764005435,1525.5589516685739,1531.3246009377865,1544.0324545976675,1540.3470852412952,1540.7588799947207,1555.5091859182671,1588.1824680124064,1631.185415085525,1641.7244767217626,1629.2076605670406,1601.0888116110427,1589.4720353861828,1589.40999200173,1579.1301587301587
78727,,,,,,,,,,,1190.1206784012238,1148.0724555804484,1153.1212849357046,1150.5619203174442,1174.1045258781844,1192.3812323253642,1201.4821989746022,1177.396040774212,1170.8674271613847,1166.4219066076696,1182.68657169106,1190.7144131993098,1186.031172605806,1184.47027820006,1178.6433315270508,1191.5413253575425,1210.039317744775,1219.6858290393684,1213.552633730183,1206.0108573208079,1195.6348613579426,1190.877868158708,1194.8502982134507,1197.2555163190896,1200.2730504512847,1200.4531947997439,1199.6681077298822,1211.5939686056922,1224.3073601951594,1238.906433596354,1250.363453876037,1258.3244761502438,1254.1672253003169,1251.9061067558962,1257.5292597565226,1256.5953034743466,1259.9953431047054,1251.9910498564775,1265.1835295690566,1267.732321930523,1278.267249312691,1288.7382522453267,1302.667955934293,1311.6832074526285,1305.2846685378504,1300.8330175250762,1298.2430946997818,1304.4990119806055,1313.9010562325736,1317.4800467985795,1324.1063760376992,1318.536180026764,1304.3952453735824,1296.9308158664696,1293.663190333987,1290.3778530085335,1298.657019819188,1307.3622076220645,1311.2400144186215,1308.2650066688686,1300.1054521324809,1322.640089317547,1343.8671884853081,1378.432375621309,1416.4343595432472,1462.5838955544925,1526.6379683485407,1591.490792673938,1649.8856285685654,1661.364937335219,1662.4910108733986,1646.9079929015998,1654.5846463251794,1666.7219468659368,1692.7103516548386,1710.4760058214965,1734.0606460595716,1756.0444771565008,1785.8010035721811,1790.3541448436195,1792.867035794737,1771.6934882464404,1755.2291402397116,1727.6884204645705,1732.7223947550033
78728,,,,,,,,,,,,,,,,,,,,,,,,,,,,,,,,1290.2082316063345,1287.2278075400545,1291.6815208456685,1286.838406545304,1305.806413625219,1311.923941415148,1319.1118807152354,1312.3245062086962,1319.8085216202987,1324.939124562293,1337.2030165214612,1337.181844273169,1326.7326231809855,1304.5229722930212,1310.1546408891181,1318.3650608775974,1322.5951041685132,1322.8997797853892,1330.0524687635384,1343.39090388979,1343.9247717337712,1348.553192237414,1346.457756221239,1359.0765954044225,1345.0570238927064,1343.6380321627819,1323.3308071463573,1346.3075619780118,1346.8982237297341,1373.7632032595166,1392.4703339156547,1410.5532326713794,1406.6635154259354,1392.5730802316737,1385.9940630506876,1386.716913012661,1377.2368897603735,1368.955137916925,1360.6984243042868,1360.8805799092265,1365.036354625012,1375.7854412252918,1409.3337135157378,1445.3750702325724,1481.6969298791892,1533.4177500503406,1573.018472691843,1637.2630478365265,,1700.6299479200668,1743.2933188201184,1775.259658873274,1762.9537513847692,1712.8250682663556,1712.1409252225772,1735.0256433702075,1784.9093302461786,1806.210180880358,1830.2170325819513,1836.6224926144675,1864.844849295928,1830.2486836770706,1808.962422786202,1764.1098484848487
